Mach,CD Power-Off
0.01,0.914160530734897
0.02,0.7999626420058
0.03,0.743211603304933
0.04,0.706738806068583
0.05,0.680394281240281
0.06,0.660034372120884
0.07,0.643587542629209
0.08,0.629879955117006
0.09,0.618186503600485
0.1,0.608029814511567
0.11,0.599080675098218
0.12,0.591102644073378
0.13,0.583920834380564
0.14,0.577402597616073
0.15,0.571444773560157
0.16,0.565966083863924
0.17,0.560901113846392
0.18,0.556196703045843
0.19,0.551808986094997
0.2,0.547701435197457
0.21,0.543843250856185
0.22,0.540208347932222
0.23,0.536774436409187
0.24,0.533522237564338
0.25,0.530435153353716
0.26,0.527944976930728
0.27,0.525878875364548
0.28,0.524810335425903
0.29,0.52390730132807
0.3,0.523057387388212
0.31,0.522256701957186
0.32,0.521566760129598
0.33,0.521868295922897
0.34,0.522169837228922
0.35,0.522471415423921
0.36,0.522773016093413
0.37,0.523074601782124
0.38,0.523376256676817
0.39,0.523677915912866
0.4,0.523979592511257
0.41,0.524281285788208
0.42,0.524582995064169
0.43,0.52488475408397
0.44,0.525186514047207
0.45,0.525488304038912
0.46,0.525790125730158
0.47,0.526091962418967
0.48,0.526393808782371
0.49,0.526695668837578
0.5,0.526997557980742
0.51,0.527299457191765
0.52,0.527601384208684
0.53,0.52790333839629
0.54,0.528205282368988
0.55,0.528507289007677
0.56,0.528809284180127
0.57,0.529111287977471
0.58,0.529413313492433
0.59,0.529715346403373
0.6,0.5300174365646
0.61,0.531113002911257
0.62,0.532179628744543
0.63,0.533245745295764
0.64,0.534311349636297
0.65,0.535376461886245
0.66,0.536441095167075
0.67,0.537505214474513
0.68,0.538568839939069
0.69,0.539631984692534
0.7,0.54069465049511
0.71,0.541756818399202
0.72,0.542818471794595
0.73,0.543879678957827
0.74,0.544940384197011
0.75,0.54600062837718
0.76,0.547060369521971
0.77,0.548119627791708
0.78,0.54917843705893
0.79,0.550236746315899
0.8,0.551294568730298
0.81,0.552351958895246
0.82,0.553408863478308
0.83,0.554465297990491
0.84,0.555521229816639
0.85,0.556576708894013
0.86,0.557631750742689
0.87,0.558686361844785
0.88,0.559740445129589
0.89,0.56079396332875
0.9,0.561847099702199
0.91,0.565667659980174
0.92,0.577129340814099
0.93,0.590839214216242
0.94,0.601066439769642
0.95,0.611293665323042
0.96,0.621520890876442
0.97,0.631748116429842
0.98,0.641975341983242
0.99,0.652202567536641
1.0,0.662429793090041
1.01,0.672657018643441
1.02,0.682884244196841
1.03,0.693111469750241
1.04,0.703338695303641
1.05,0.713565920857041
1.06,0.711136884355624
1.07,0.708734061105746
1.08,0.706356720989526
1.09,0.704004194651414
1.1,0.701675816779647
1.11,0.69937095014462
1.12,0.697088948162988
1.13,0.694829262997001
1.14,0.692591305201289
1.15,0.69037452607815
1.16,0.687286791224967
1.17,0.684190289476044
1.18,0.681119537973716
1.19,0.678076073389479
1.2,0.675057570556078
1.21,0.672063121445691
1.22,0.66909214711533
1.23,0.666143865040264
1.24,0.663217982602954
1.25,0.660326934504659
1.26,0.657520628301348
1.27,0.654772849228824
1.28,0.65207432190882
1.29,0.649420648922867
1.3,0.646808835521999
1.31,0.644237189448517
1.32,0.64170389040442
1.33,0.639207944672657
1.34,0.636748131944668
1.35,0.634323825703109
1.36,0.631934066315404
1.37,0.62957834538719
1.38,0.627256052613059
1.39,0.624966699990716
1.4,0.622709717839596
1.41,0.62048469181727
1.42,0.618291245410096
1.43,0.616129108600135
1.44,0.613997856491264
1.45,0.611897199748226
1.46,0.609826847385979
1.47,0.607786444891102
1.48,0.605775958053006
1.49,0.603794954533756
1.5,0.601843215120748
1.51,0.59992065309629
1.52,0.598026964248026
1.53,0.596162106238704
1.54,0.594325682195537
1.55,0.59251775006738
1.56,0.590737980625108
1.57,0.588986410972986
1.58,0.58726273612172
1.59,0.585566925123944
1.6,0.583898756553006
1.61,0.582258232522966
1.62,0.580645168852245
1.63,0.579059543822518
1.64,0.577501097264825
1.65,0.575969922920578
1.66,0.574465855339133
1.67,0.572988718355189
1.68,0.571538643347454
1.69,0.570115377943754
1.7,0.56871895536789
1.71,0.56734922622483
1.72,0.566006133749225
1.73,0.564689732253254
1.74,0.563399884786453
1.75,0.562136643223915
1.76,0.560899777868662
1.77,0.559689366890945
1.78,0.558505353348113
1.79,0.557347733938571
1.8,0.556216385665833
1.81,0.555111371611459
1.82,0.554032682726486
1.83,0.552980205702642
1.84,0.55195392178106
1.85,0.550953823901884
1.86,0.549979916447578
1.87,0.549032172598551
1.88,0.548110589663073
1.89,0.547215189328605
1.9,0.546345946053297
1.91,0.545502776855526
1.92,0.544685788947715
1.93,0.543894886139039
1.94,0.5431300635162
1.95,0.542391437506732
1.96,0.541678835243558
1.97,0.540992455331979
1.98,0.540332214426364
1.99,0.539698035771169
2.0,0.539090025318838
2.01,0.538612657280516
2.02,0.538156222417584
2.03,0.537731195075467
2.04,0.537337414618592
2.05,0.536974775035418
2.06,0.53663020439322
2.07,0.53618019583538
2.08,0.535760110662029
2.09,0.535370092894332
2.1,0.535009854630452
2.11,0.534679342481617
2.12,0.534378695179579
2.13,0.534107650476847
2.14,0.533866164767949
2.15,0.533654171795138
2.16,0.533471738787365
2.17,0.533318615161589
2.18,0.533194951643578
2.19,0.533100637016474
2.2,0.533035516635259
2.21,0.532999671938754
2.22,0.53299306734101
2.23,0.533015585801765
2.24,0.53219340104265
2.25,0.53004270366067
2.26,0.527907990227236
2.27,0.525789039846882
2.28,0.523685763110849
2.29,0.521597779471456
2.3,0.519524959134987
2.31,0.517467154454786
2.32,0.51542416396383
2.33,0.51339570948134
2.34,0.511381621961728
2.35,0.509381847638307
2.36,0.507396196777851
2.37,0.505424306144455
2.38,0.503466154648754
2.39,0.501521636802634
2.4,0.499590437808916
2.41,0.497672497863588
2.42,0.495767686282149
2.43,0.493875751637436
2.44,0.491996668772671
2.45,0.490130289054437
2.46,0.488276273860877
2.47,0.486434724354957
2.48,0.484605392901256
2.49,0.482788142551831
2.5,0.480982897434134
2.51,0.479189511096523
2.52,0.477407772246459
2.53,0.475637660140877
2.54,0.473879073195129
2.55,0.472131803921515
2.56,0.470395737347025
2.57,0.468670878027478
2.58,0.466957024211897
2.59,0.465254077288512
2.6,0.463561818415074
2.61,0.4618803922982
2.62,0.460209564113013
2.63,0.458549159198216
2.64,0.456899185629293
2.65,0.455259454367652
2.66,0.453629874610982
2.67,0.45201046695702
2.68,0.450401041452796
2.69,0.448801621353141
2.7,0.447211919700135
2.71,0.445631959498555
2.72,0.444061653565672
2.73,0.442500942733135
2.74,0.440949625756755
2.75,0.439407752669348
2.76,0.437875145642706
2.77,0.436351830291014
2.78,0.434837522281873
2.79,0.433332366655497
2.8,0.431836199444827
2.81,0.430348946735066
2.82,0.428870533796122
2.83,0.427400907994833
2.84,0.425939899171014
2.85,0.424487547366349
2.86,0.423043694944839
2.87,0.421608325924934
2.88,0.420181355432881
2.89,0.418762722182486
2.9,0.417352367881804
2.91,0.415950208305945
2.92,0.414556166877794
2.93,0.413170203816699
2.94,0.411792248592934
2.95,0.410422218334549
2.96,0.409060074086678
2.97,0.407705747154595
2.98,0.40635916707181
2.99,0.405020269638704
3.0,0.403689030995607
3.01,0.402521045061501
3.02,0.401358873744756
3.03,0.400202498758888
3.04,0.39905186030618
3.05,0.397906930922973
3.06,0.39676765603568
3.07,0.39563403935392
3.08,0.394506024195596
3.09,0.393383566689225
3.1,0.392266641595942
3.11,0.391155207544442
3.12,0.390049249353883
3.13,0.388948717377199
3.14,0.387853588378422
3.15,0.386763818222003
3.16,0.385679354762841
3.17,0.38460020872031
3.18,0.383526331138855
3.19,0.382457673289193
3.2,0.381394216579468
3.21,0.380335952651933
3.22,0.379282803279668
3.23,0.378234762960402
3.24,0.377191791397101
3.25,0.376153873466787
3.26,0.375120971977051
3.27,0.374093062004284
3.28,0.37307008848725
3.29,0.372052060939491
3.3,0.371038914260037
3.31,0.370030646470958
3.32,0.369027202130384
3.33,0.368028566667567
3.34,0.367034722342751
3.35,0.366045620411597
3.36,0.365061252279649
3.37,0.364081570779963
3.38,0.363106561948337
3.39,0.362136181702072
3.4,0.36117041352413
3.41,0.360209248075355
3.42,0.359252623206549
3.43,0.358300535489885
3.44,0.357352944700037
3.45,0.35640982358263
3.46,0.355471165901811
3.47,0.354536939194339
3.48,0.353607099295054
3.49,0.352681628976383
3.5,0.351760504721452
3.51,0.350843715519226
3.52,0.349931197676053
3.53,0.349022967624795
3.54,0.348118971883365
3.55,0.347219190423373
3.56,0.346323606675564
3.57,0.345432197464246
3.58,0.344544933162929
3.59,0.343661770862272
3.6,0.342782727054726
3.61,0.341907736900652
3.62,0.341036799666389
3.63,0.34016988744186
3.64,0.339306964063915
3.65,0.338448016387377
3.66,0.337593010207532
3.67,0.336741948971506
3.68,0.335894794230047
3.69,0.335051497595498
3.7,0.33421207085042
3.71,0.333376467834606
3.72,0.332544697518159
3.73,0.331716688572546
3.74,0.33089245917045
3.75,0.330071971613268
3.76,0.329255196751484
3.77,0.328442121121372
3.78,0.327632716899397
3.79,0.326826968439506
3.8,0.32602484641236
3.81,0.325226335444331
3.82,0.324431404581646
3.83,0.323640040366468
3.84,0.322852221417592
3.85,0.322067918238913
3.86,0.321287116257985
3.87,0.320509781338728
3.88,0.319735906642473
3.89,0.318965468260003
3.9,0.318198433481466
3.91,0.317434804877725
3.92,0.316674532294811
3.93,0.315917628404374
3.94,0.31516403454364
3.95,0.314413756632996
3.96,0.31366675892994
3.97,0.312923030227363
3.98,0.312182544989632
3.99,0.311445283698283
4.0,0.310711223572978
4.01,0.309980351005788
4.02,0.309252643674567
4.03,0.308528069021821
4.04,0.307806627863541
4.05,0.307088296542558
4.06,0.306373037225846
4.07,0.305660836395229
4.08,0.304951672110082
4.09,0.304245545285973
4.1,0.303542406856498
4.11,0.302842267903435
4.12,0.302145092266732
4.13,0.30145085553475
4.14,0.300759531676934
4.15,0.300071139186535
4.16,0.299385614841414
4.17,0.2987029618514
4.18,0.298023166992565
4.19,0.29734617904891
4.2,0.296672012348809
4.21,0.296000632888838
4.22,0.295332027887204
4.23,0.294666173429047
4.24,0.29400305684035
4.25,0.293342649534996
4.26,0.292684935655398
4.27,0.292029912318206
4.28,0.291377528668936
4.29,0.290727799441089
4.3,0.290080699444704
4.31,0.289436177324714
4.32,0.288794263687336
4.33,0.288154902214151
4.34,0.287518093542989
4.35,0.286883814304393
4.36,0.28625204965266
4.37,0.285622781841211
4.38,0.284995990578026
4.39,0.2843716532325
4.4,0.283749760188044
4.41,0.283130290901219
4.42,0.282513221021204
4.43,0.281898527619025
4.44,0.281286213739912
4.45,0.280676252060295
4.46,0.280068627771409
4.47,0.279463308392897
4.48,0.278860309524871
4.49,0.278259573756397
4.5,0.277661099604267
4.51,0.277064871879592
4.52,0.276470881737099
4.53,0.275879101212682
4.54,0.275289511591798
4.55,0.274702090546309
4.56,0.274116839450794
4.57,0.273533735939932
4.58,0.272952753317963
4.59,0.27237388477329
4.6,0.27179710085345
4.61,0.271222393243591
4.62,0.270649749753703
4.63,0.270079136611557
4.64,0.269510561620189
4.65,0.268943983919503
4.66,0.268379394253752
4.67,0.267816781784028
4.68,0.267256138786753
4.69,0.266697427401823
4.7,0.266140651314076
4.71,0.265585771462146
4.72,0.265032784369926
4.73,0.26448167381468
4.74,0.263932424997088
4.75,0.263385023145964
4.76,0.262839429664044
4.77,0.262295675079862
4.78,0.261753680843952
4.79,0.261213489314769
4.8,0.260675048930497
4.81,0.260138363732722
4.82,0.259603400585601
4.83,0.259070153604657
4.84,0.258538604156535
4.85,0.258008726409923
4.86,0.257480524564795
4.87,0.256953968433302
4.88,0.256429056726351
4.89,0.255905747047526
4.9,0.255384049895393
4.91,0.254863937366708
4.92,0.254345385557025
4.93,0.253828400011278
4.94,0.253312958959592
4.95,0.252799042045533
4.96,0.252286624823857
4.97,0.251775708066997
4.98,0.25126625666015
4.99,0.250758282119014
5.0,0.250251738421826
5.01,0.249746644634093
5.02,0.249242941001854
5.03,0.248740665801457
5.04,0.248239761101972
5.05,0.247740227155349
5.06,0.247242053222236
5.07,0.246745214154641
5.08,0.24624971037688
5.09,0.245755494807626
5.1,0.245262581570627
5.11,0.244770951970322
5.12,0.244280595404634
5.13,0.243791469619702
5.14,0.243303598933144
5.15,0.242816922844597
5.16,0.242331466174582
5.17,0.241847197065444
5.18,0.241364100664827
5.19,0.240882166225365
5.2,0.240401376999827
5.21,0.239921717303702
5.22,0.239443171115884
5.23,0.238965733689149
5.24,0.238489373728187
5.25,0.238014073714081
5.26,0.237539851203245
5.27,0.237066666542063
5.28,0.236594502922828
5.29,0.236123357923235
5.3,0.235653202028981
5.31,0.235184032343845
5.32,0.23471583926474
5.33,0.234248592904626
5.34,0.233782310893874
5.35,0.233316940391439
5.36,0.23285246932923
5.37,0.232388903301378
5.38,0.231926221142842
5.39,0.231464399708843
5.4,0.231003456216504
5.41,0.230543337600387
5.42,0.230084042387049
5.43,0.229625566641688
5.44,0.229167888888892
5.45,0.228710995886024
5.46,0.228254872456908
5.47,0.227799498539824
5.48,0.227344865830393
5.49,0.22689096432315
5.5,0.226437772707095
5.51,0.225985287155676
5.52,0.225533490531813
5.53,0.225082351597156
5.54,0.224631879334103
5.55,0.224182051130703
5.56,0.22373285138126
5.57,0.223284267757092
5.58,0.22283628485873
5.59,0.222388893000436
5.6,0.221942071209977
5.61,0.221495812520735
5.62,0.221050106143337
5.63,0.220604938095997
5.64,0.220160268989383
5.65,0.219716133456933
5.66,0.219272469175408
5.67,0.218829290926922
5.68,0.218386576497758
5.69,0.217944323366661
5.7,0.217502480988325
5.71,0.217061092508988
5.72,0.21662011304119
5.73,0.216179504528258
5.74,0.215739310550314
5.75,0.215299467466242
5.76,0.21485998449201
5.77,0.214420845255684
5.78,0.213982046177277
5.79,0.213543556500154
5.8,0.213105367142155
5.81,0.212667482961499
5.82,0.212229864811069
5.83,0.211792506582791
5.84,0.211355410226897
5.85,0.210918536937697
5.86,0.210481898651813
5.87,0.210045462069226
5.88,0.209609228226564
5.89,0.209173189339497
5.9,0.20873731647835
5.91,0.208301589101744
5.92,0.207866006684942
5.93,0.207430562945907
5.94,0.206995242168209
5.95,0.206560016503256
5.96,0.206124889681098
5.97,0.205689848898609
5.98,0.205254855146425
5.99,0.204819938929504
6.0,0.204385043583141
6.01,0.203981333844346
6.02,0.203613631480633
6.03,0.203246718408947
6.04,0.202880593627996
6.05,0.202515274682063
6.06,0.202150730634962
6.07,0.201786970645898
6.08,0.201423989444173
6.09,0.201061788956084
6.1,0.200700361194122
6.11,0.200339708081142
6.12,0.19997981890215
6.13,0.199620688701809
6.14,0.199262318946798
6.15,0.198904709460035
6.16,0.198547859699969
6.17,0.198191759126349
6.18,0.197836402815597
6.19,0.197481789919096
6.2,0.19712792508473
6.21,0.196774803085381
6.22,0.19642240825298
6.23,0.196070748168305
6.24,0.195719824731905
6.25,0.195369617632666
6.26,0.195020142005724
6.27,0.194671379471519
6.28,0.194323350055713
6.29,0.193976028196421
6.3,0.193629416726833
6.31,0.193283512255498
6.32,0.192938325020926
6.33,0.1925938321508
6.34,0.192250048299169
6.35,0.191906953460143
6.36,0.19156456001593
6.37,0.191222853059481
6.38,0.190881831676908
6.39,0.190541511533342
6.4,0.190201864482063
6.41,0.189862897870764
6.42,0.189524622516104
6.43,0.18918701244784
6.44,0.188850075113478
6.45,0.188513810757853
6.46,0.188178216815101
6.47,0.187843288001513
6.48,0.187509020181253
6.49,0.187175406840604
6.5,0.186842446716258
6.51,0.186510151662742
6.52,0.186178514886883
6.53,0.185847508369527
6.54,0.18551716232166
6.55,0.185187454454782
6.56,0.184858397275804
6.57,0.184529972792005
6.58,0.184202176974906
6.59,0.183875029744897
6.6,0.183548500857713
6.61,0.18322261070796
6.62,0.182897336960998
6.63,0.182572689618279
6.64,0.182248678853709
6.65,0.181925267791424
6.66,0.181602488685921
6.67,0.181280306750045
6.68,0.180958752170842
6.69,0.180637798171972
6.7,0.18031745419516
6.71,0.179997721127779
6.72,0.179678581541292
6.73,0.179360040420541
6.74,0.17904210632662
6.75,0.178724756263032
6.76,0.178408008026652
6.77,0.178091852225311
6.78,0.177776271894826
6.79,0.177461286866358
6.8,0.17714688774856
6.81,0.176833067645708
6.82,0.176519829192032
6.83,0.176207157445434
6.84,0.175895068358457
6.85,0.175583551747074
6.86,0.175272608330111
6.87,0.174962224067118
6.88,0.174652416045572
6.89,0.174343159372586
6.9,0.17403447566509
6.91,0.173726344812906
6.92,0.173418781962045
6.93,0.173111763183965
6.94,0.172805298360061
6.95,0.172499388265859
6.96,0.172194026227203
6.97,0.171889212146832
6.98,0.171584934017716
6.99,0.171281210811032
7.0,0.17099326962298
7.01,0.17073754669719
7.02,0.170482604668769
7.03,0.170228426035228
7.04,0.169975012610561
7.05,0.169722364306652
7.06,0.169470473637827
7.07,0.169219342450605
7.08,0.168968965106319
7.09,0.168719326269998
7.1,0.168470457509334
7.11,0.16822231254452
7.12,0.167974912119405
7.13,0.167728251784523
7.14,0.167482325101549
7.15,0.1672371220466
7.16,0.16699265356195
7.17,0.166748920499184
7.18,0.166505898385349
7.19,0.166263590879216
7.2,0.166022017943194
7.21,0.165781150591
7.22,0.165540989720347
7.23,0.165301540894244
7.24,0.165062805026382
7.25,0.164824747685967
7.26,0.164587412622985
7.27,0.164350759821696
7.28,0.164114810342047
7.29,0.163879535181631
7.3,0.163644965420464
7.31,0.163411063855335
7.32,0.163177865996336
7.33,0.162945328452112
7.34,0.162713468477218
7.35,0.162478932736887
7.36,0.162244516734499
7.37,0.162010779984889
7.38,0.16177773413297
7.39,0.161545358671106
7.4,0.161313668079261
7.41,0.16108265017299
7.42,0.16085229223288
7.43,0.160622609831537
7.44,0.160393576949651
7.45,0.160165219214142
7.46,0.159937520609067
7.47,0.159710471165574
7.48,0.15948407770141
7.49,0.15925834026299
7.5,0.159033245680967
7.51,0.15880880400693
7.52,0.158584992084229
7.53,0.158361829979582
7.54,0.158139304558808
7.55,0.157917415883659
7.56,0.157696163662768
7.57,0.157475542361776
7.58,0.157255543269503
7.59,0.157036171733178
7.6,0.156817420978869
7.61,0.156599299181868
7.62,0.156381786478101
7.63,0.15616489413092
7.64,0.15594861074379
7.65,0.155732939193154
7.66,0.155517886485324
7.67,0.155303431170146
7.68,0.155089574897001
7.69,0.154876331606413
7.7,0.154663662956359
7.71,0.154451617509835
7.72,0.154240152325667
7.73,0.154029277527868
7.74,0.153819010185737
7.75,0.153609306118597
7.76,0.153400201038031
7.77,0.153191676462567
7.78,0.15298372809805
7.79,0.152776360273522
7.8,0.152569580347435
7.81,0.15236335824969
7.82,0.152157706903963
7.83,0.151952627898168
7.84,0.151748124150063
7.85,0.15154418286807
7.86,0.151340792707548
7.87,0.151137971041183
7.88,0.150935720637265
7.89,0.150734008882403
7.9,0.150532850212258
7.91,0.150332250348947
7.92,0.150132200966412
7.93,0.149932695020047
7.94,0.149733738357494
7.95,0.149535323983077
7.96,0.149337447759227
7.97,0.149140118443235
7.98,0.148943311957293
7.99,0.14874705549624
8.0,0.148551317938304
8.01,0.148356123685009
8.02,0.148161450072839
8.03,0.147967317274911
8.04,0.147773702665515
8.05,0.147580593620719
8.06,0.147388033093552
8.07,0.147195975712977
8.08,0.147004438867133
8.09,0.146813419682513
8.1,0.146622908649751
8.11,0.146432914561365
8.12,0.146243424568867
8.13,0.146054439134667
8.14,0.145865969885726
8.15,0.145677995653461
8.16,0.145490537991205
8.17,0.145303560209311
8.18,0.145117084051758
8.19,0.144931120889049
8.2,0.14474563424746
8.21,0.144560642900847
8.22,0.144376153992875
8.23,0.144192150893553
8.24,0.144008619687758
8.25,0.143825592066191
8.26,0.143643039544305
8.27,0.143460962913531
8.28,0.143279369163352
8.29,0.14309825453221
8.3,0.142917617933742
8.31,0.14273746088449
8.32,0.14255777427377
8.33,0.142378555029786
8.34,0.142199802246785
8.35,0.142021529280242
8.36,0.141843705051163
8.37,0.14166635387596
8.38,0.141489462081749
8.39,0.141313038633001
8.4,0.141137069678037
8.41,0.140961559751196
8.42,0.140786512229032
8.43,0.140611901417265
8.44,0.140437760916222
8.45,0.140264049976056
8.46,0.140090805144814
8.47,0.139917759470641
8.48,0.139744692367028
8.49,0.139572081368567
8.5,0.139399917347181
8.51,0.13922819769058
8.52,0.139056913007415
8.53,0.13888607789316
8.54,0.138715691043006
8.55,0.138545738980599
8.56,0.138376208257172
8.57,0.138207135610917
8.58,0.138038474478091
8.59,0.137870274555132
8.6,0.137702486976316
8.61,0.137535125908125
8.62,0.137368195250247
8.63,0.137201704395729
8.64,0.13703561682217
8.65,0.136869969567063
8.66,0.136704744083157
8.67,0.136539931432218
8.68,0.136375533875811
8.69,0.136211557671478
8.7,0.136048011891134
8.71,0.135884867990639
8.72,0.135722130293547
8.73,0.135559812637952
8.74,0.135397904511214
8.75,0.135236409422972
8.76,0.135075319268175
8.77,0.134914623134921
8.78,0.134754342466875
8.79,0.134594461680259
8.8,0.134434974572523
8.81,0.134275897904492
8.82,0.134117210792451
8.83,0.133958932366281
8.84,0.133801041248656
8.85,0.133643547542756
8.86,0.133486452192885
8.87,0.133329729222753
8.88,0.133173420590467
8.89,0.133017488197581
8.9,0.132861945617499
8.91,0.132706787061866
8.92,0.132552016608001
8.93,0.132397626728887
8.94,0.132243628323098
8.95,0.132089995503634
8.96,0.131936742453554
8.97,0.131783873850926
8.98,0.131631393347468
8.99,0.131479272867629
9.0,0.131327528840056
9.01,0.131176160989403
9.02,0.131025170138874
9.03,0.130874546060573
9.04,0.130724280725456
9.05,0.130574389964365
9.06,0.130424866324812
9.07,0.130275705648123
9.08,0.130126912709516
9.09,0.129978486736298
9.1,0.129830406918895
9.11,0.129682701863626
9.12,0.129535359216347
9.13,0.129388362548588
9.14,0.129241726119477
9.15,0.129095451935534
9.16,0.128949519235798
9.17,0.128803934451828
9.18,0.128658721759144
9.19,0.128513846101437
9.2,0.128369328214331
9.21,0.128225157982687
9.22,0.128081324663622
9.23,0.127937844706696
9.24,0.127794707374942
9.25,0.127651914704856
9.26,0.127509458057926
9.27,0.127367352496139
9.28,0.127225588694288
9.29,0.12708415379735
9.3,0.126943059886326
9.31,0.126802306224513
9.32,0.12666188137282
9.33,0.126521803255641
9.34,0.126382042500341
9.35,0.12624261704492
9.36,0.126103527524405
9.37,0.125964763943157
9.38,0.125826342793578
9.39,0.125688236181865
9.4,0.125550462655613
9.41,0.125413007412093
9.42,0.125275879431322
9.43,0.125139078352426
9.44,0.125002594771705
9.45,0.124866434331711
9.46,0.124730600765939
9.47,0.124595078191487
9.48,0.12445986632416
9.49,0.124324982081139
9.5,0.124190406784052
9.51,0.124056154965011
9.52,0.123922215954321
9.53,0.12378858989154
9.54,0.123655272063658
9.55,0.12352226306657
9.56,0.123389571434128
9.57,0.123257176848089
9.58,0.123125089134579
9.59,0.122993321561773
9.6,0.122861861533157
9.61,0.122730691172334
9.62,0.12259982984487
9.63,0.122469281327695
9.64,0.122339020562333
9.65,0.122209066055419
9.66,0.122079416080202
9.67,0.121950051088399
9.68,0.121821005725383
9.69,0.12169223581713
9.7,0.121563768987857
9.71,0.121435604612897
9.72,0.121307728247546
9.73,0.121180143968543
9.74,0.121052850288027
9.75,0.120925852772104
9.76,0.120799137393047
9.77,0.120672716082802
9.78,0.120546593786093
9.79,0.12042074713829
9.8,0.12029518830814
9.81,0.120169911115031
9.82,0.120044922429947
9.83,0.119920215099104
9.84,0.11979580508081
9.85,0.11967166245052
9.86,0.11954779594624
9.87,0.119424220311773
9.88,0.119300914963187
9.89,0.119177889328746
9.9,0.119055157456254
9.91,0.118932692280367
9.92,0.118810496925771
9.93,0.118688574336405
9.94,0.11856693599793
9.95,0.118445573901116
9.96,0.118324464708734
9.97,0.118203643427294
9.98,0.118083096713779
9.99,0.117962793997784
10.0,0.117842786530934
10.01,0.117800126432622
10.02,0.117753171447457
10.03,0.117706332787995
10.04,0.117659599512056
10.05,0.117612986911985
10.06,0.117566494883765
10.07,0.117520103293822
10.08,0.11747383204907
10.09,0.117427672794475
10.1,0.117381621889054
10.11,0.117335693762771
10.12,0.117289877290825
10.13,0.117244167807769
10.14,0.117198570764286
10.15,0.11715307326988
10.16,0.117107692434515
10.17,0.117062423720184
10.18,0.117017264227705
10.19,0.116972213848863
10.2,0.116927274205211
10.21,0.116882451737296
10.22,0.116837719773461
10.23,0.116793096487878
10.24,0.116748592859317
10.25,0.116704183835325
10.26,0.116659888753726
10.27,0.11661569913809
10.28,0.116571609376822
10.29,0.11652763595805
10.3,0.116483763274338
10.31,0.116439997333722
10.32,0.1163963319156
10.33,0.116352766860335
10.34,0.11630930660277
10.35,0.116265960980775
10.36,0.116222705474265
10.37,0.116179561610876
10.38,0.116136510452396
10.39,0.116093575193306
10.4,0.116050725179169
10.41,0.116007992000099
10.42,0.115965347203699
10.43,0.115922809018706
10.44,0.115880375707086
10.45,0.115838030484398
10.46,0.115795788789631
10.47,0.115753646116959
10.48,0.115711619579329
10.49,0.11566968070476
10.5,0.115627833355434
10.51,0.115586074634344
10.52,0.115544430500159
10.53,0.11550287039604
10.54,0.115461427474154
10.55,0.115420062796304
10.56,0.115378800707854
10.57,0.115337633886119
10.58,0.115296569457707
10.59,0.115255592901173
10.6,0.115214721353838
10.61,0.115173931913352
10.62,0.115133238882858
10.63,0.115092641760642
10.64,0.115052138069977
10.65,0.115011738916948
10.66,0.114971419838961
10.67,0.114931199484384
10.68,0.114891063398303
10.69,0.114851031491692
10.7,0.114811080875299
10.71,0.114771234261314
10.72,0.114731463125888
10.73,0.114691794239994
10.74,0.114652206302867
10.75,0.114612716353947
10.76,0.114573319964744
10.77,0.114534012708771
10.78,0.114494787592047
10.79,0.114455658567432
10.8,0.114416612748991
10.81,0.114377670061652
10.82,0.114338787620084
10.83,0.114300018140402
10.84,0.114261333067925
10.85,0.114222729247053
10.86,0.114184225346058
10.87,0.114145788373768
10.88,0.114107451139623
10.89,0.11406919484627
10.9,0.114031029654376
10.91,0.113992939534919
10.92,0.113954948835178
10.93,0.113917030254336
10.94,0.113879213711351
10.95,0.113841469135475
10.96,0.113803815151582
10.97,0.113766241455563
10.98,0.11372874948618
10.99,0.113691350651521
11.0,0.113654029103734
11.01,0.113616793297509
11.02,0.113579643314894
11.03,0.113542557439117
11.04,0.113505582811555
11.05,0.113468666543826
11.06,0.113431838588416
11.07,0.113395094429142
11.08,0.113358441198505
11.09,0.113321856029269
11.1,0.113285353103634
11.11,0.113248936626146
11.12,0.113212595015531
11.13,0.11317633971692
11.14,0.113140156338514
11.15,0.113104058561959
11.16,0.113068033113054
11.17,0.113032102907326
11.18,0.112996232870566
11.19,0.1129604531483
11.2,0.112924746447394
11.21,0.112889120684441
11.22,0.112853576816296
11.23,0.112818099583242
11.24,0.112782705453243
11.25,0.112747393399341
11.26,0.112712147718076
11.27,0.112676984963903
11.28,0.112641898865575
11.29,0.112606885922862
11.3,0.11257195048363
11.31,0.112537090477078
11.32,0.112502311633196
11.33,0.112467604652224
11.34,0.112432970112496
11.35,0.112398405515293
11.36,0.112363931182638
11.37,0.112329524259605
11.38,0.112295181280645
11.39,0.112260919361683
11.4,0.112226734025053
11.41,0.112192623052592
11.42,0.112158580917832
11.43,0.112124603380649
11.44,0.112090712163994
11.45,0.112056888200513
11.46,0.112023141423092
11.47,0.111989465193772
11.48,0.111955858797527
11.49,0.111922317397406
11.5,0.111888861474337
11.51,0.111855466264707
11.52,0.111822149196268
11.53,0.111788895485369
11.54,0.111755717790202
11.55,0.11172260875595
11.56,0.111689568383447
11.57,0.111656600678877
11.58,0.111623696368444
11.59,0.111590876378039
11.6,0.111558107873234
11.61,0.111525424570905
11.62,0.111492800627064
11.63,0.111460240739027
11.64,0.111427752408191
11.65,0.111395335700131
11.66,0.111362992879515
11.67,0.111330710411535
11.68,0.111298500691959
11.69,0.111266352365327
11.7,0.111234276198767
11.71,0.111202257804977
11.72,0.111170309626441
11.73,0.111138436207911
11.74,0.111106623169501
11.75,0.111074885879491
11.76,0.111043203659063
11.77,0.111011589132534
11.78,0.110980045466959
11.79,0.110948556319286
11.8,0.110917141971523
11.81,0.110885797890516
11.82,0.110854510640731
11.83,0.11082328072458
11.84,0.110792129316775
11.85,0.110761027140845
11.86,0.110730007417057
11.87,0.110699040725605
11.88,0.110668134579573
11.89,0.110637294681744
11.9,0.110606522684965
11.91,0.110575810335923
11.92,0.110545163254476
11.93,0.110514573441411
11.94,0.110484062839904
11.95,0.11045359759278
11.96,0.110423197918091
11.97,0.110392865019017
11.98,0.110362588565851
11.99,0.110332380581126
12.0,0.110302225126014
12.01,0.110272136251822
12.02,0.110242115373335
12.03,0.110212148408808
12.04,0.11018223529331
12.05,0.110152388782632
12.06,0.110122608802209
12.07,0.110092881517119
12.08,0.110063220653699
12.09,0.11003361238739
12.1,0.110004070434889
12.11,0.109974583185397
12.12,0.109945155126594
12.13,0.109915797031693
12.14,0.109886481463805
12.15,0.109857237933319
12.16,0.109828046840092
12.17,0.109798922264007
12.18,0.109769847205607
12.19,0.109740829790974
12.2,0.109711871586424
12.21,0.109682976111135
12.22,0.109654144112057
12.23,0.109625354161724
12.24,0.109596625005443
12.25,0.109567960577945
12.26,0.109539348425399
12.27,0.109510796913761
12.28,0.109482294982316
12.29,0.109453857568646
12.3,0.109425481255244
12.31,0.109397145360892
12.32,0.10936888003731
12.33,0.109340656649668
12.34,0.10931250373933
12.35,0.109284391845508
12.36,0.109256348954185
12.37,0.109228355386217
12.38,0.109200416477612
12.39,0.109172533807843
12.4,0.109144702919236
12.41,0.109116932763198
12.42,0.109089221490757
12.43,0.109061557063631
12.44,0.10903394521424
12.45,0.109006390114077
12.46,0.108978886651067
12.47,0.108951439684755
12.48,0.108924041324705
12.49,0.108896703453722
12.5,0.108869414733523
12.51,0.108842183613916
12.52,0.108814999908402
12.53,0.108787875208548
12.54,0.108760797973552
12.55,0.10873376979344
12.56,0.108706797704635
12.57,0.108679881926337
12.58,0.108653016084518
12.59,0.108626209103337
12.6,0.108599448166563
12.61,0.108572729438108
12.62,0.108546074360096
12.63,0.108519473052584
12.64,0.108492919398701
12.65,0.108466409772402
12.66,0.108439961609234
12.67,0.108413554253603
12.68,0.108387207163122
12.69,0.108360903025216
12.7,0.108334657269734
12.71,0.108308447742647
12.72,0.108282300020504
12.73,0.108256199452463
12.74,0.108230156179404
12.75,0.108204157289074
12.76,0.108178202708056
12.77,0.108152302413072
12.78,0.108126449942058
12.79,0.10810065266093
12.8,0.108074894736276
12.81,0.10804918371644
12.82,0.108023539548819
12.83,0.107997930190943
12.84,0.107972372116821
12.85,0.107946859688784
12.86,0.107921399153347
12.87,0.107895995341438
12.88,0.107870623264367
12.89,0.107845305033426
12.9,0.107820040238023
12.91,0.107794819212428
12.92,0.107769642626952
12.93,0.107744517557662
12.94,0.107719435129693
12.95,0.107694407018775
12.96,0.107669421373604
12.97,0.107644486173537
12.98,0.107619596168601
12.99,0.107594746517867
13.0,0.107569951971612
13.01,0.107545197699156
13.02,0.107520495670487
13.03,0.107495836626249
13.04,0.107471217746135
13.05,0.107446651033002
13.06,0.107422137131242
13.07,0.10739765327504
13.08,0.107373233253302
13.09,0.107348840348883
13.1,0.107324513988057
13.11,0.107300213679816
13.12,0.107275967043712
13.13,0.107251760216101
13.14,0.10722759490092
13.15,0.107203480346882
13.16,0.107179418266568
13.17,0.107155393050701
13.18,0.107131409232276
13.19,0.107107464992786
13.2,0.107083583064921
13.21,0.107059729640403
13.22,0.107035924671613
13.23,0.107012161911583
13.24,0.10698845033292
13.25,0.106964775307266
13.26,0.106941138607233
13.27,0.106917555746824
13.28,0.106894008328268
13.29,0.106870511910428
13.3,0.106847053635282
13.31,0.106823643503928
13.32,0.106800264225779
13.33,0.106776943025491
13.34,0.106753651608806
13.35,0.106730405383966
13.36,0.10670720268804
13.37,0.106684045103472
13.38,0.106660926174571
13.39,0.106637855078449
13.4,0.106614810787046
13.41,0.106591827045394
13.42,0.106568870027548
13.43,0.106545959708211
13.44,0.106523089822732
13.45,0.106500264565482
13.46,0.106477477891483
13.47,0.106454740543925
13.48,0.106432038720962
13.49,0.106409373386932
13.5,0.106386757270929
13.51,0.106364176580244
13.52,0.106341632265105
13.53,0.106319137060534
13.54,0.106296673392358
13.55,0.106274249773639
13.56,0.106251874207295
13.57,0.106229534819175
13.58,0.106207237809153
13.59,0.10618498054513
13.6,0.106162760364065
13.61,0.106140584251
13.62,0.106118443162589
13.63,0.106096338085585
13.64,0.106074279777374
13.65,0.106052260184907
13.66,0.106030271704147
13.67,0.106008330893316
13.68,0.105986423909112
13.69,0.10596456173887
13.7,0.10594273434002
13.71,0.105920946261166
13.72,0.105899192049993
13.73,0.10587748236054
13.74,0.105855813522615
13.75,0.105834173022713
13.76,0.105812577952427
13.77,0.105791027418208
13.78,0.105769498571067
13.79,0.105748017764782
13.8,0.105726567685496
13.81,0.105705163765367
13.82,0.105683793282542
13.83,0.105662457102808
13.84,0.105641166026198
13.85,0.105619909251011
13.86,0.105598692803719
13.87,0.105577504300135
13.88,0.105556359015019
13.89,0.105535255877566
13.9,0.105514174897063
13.91,0.105493147012882
13.92,0.105472143995025
13.93,0.105451186813042
13.94,0.105430258855494
13.95,0.10540936381304
13.96,0.105388516384456
13.97,0.105367698079747
13.98,0.105346914469977
13.99,0.105326170849255
14.0,0.105305460927276
14.01,0.105284785610716
14.02,0.105264150190005
14.03,0.10524354839297
14.04,0.105222988220633
14.05,0.105202449825131
14.06,0.105181955783524
14.07,0.10516150336746
14.08,0.105141071644389
14.09,0.10512068418385
14.1,0.105100335471092
14.11,0.105080010058283
14.12,0.105059725227805
14.13,0.10503947453924
14.14,0.105019265283853
14.15,0.104999082622523
14.16,0.104978937908369
14.17,0.104958819741355
14.18,0.104938745684221
14.19,0.10491871089817
14.2,0.104898697365026
14.21,0.104878727744086
14.22,0.104858787421824
14.23,0.104838873477876
14.24,0.10481900346546
14.25,0.104799166248653
14.26,0.104779359224252
14.27,0.104759588467194
14.28,0.104739854199692
14.29,0.104720146275141
14.3,0.104700470982279
14.31,0.104680833760672
14.32,0.104661228333207
14.33,0.104641660925058
14.34,0.104622116044896
14.35,0.10460262100196
14.36,0.104583142910985
14.37,0.104563709253547
14.38,0.104544291552235
14.39,0.104524924381425
14.4,0.104505577050457
14.41,0.104486271051508
14.42,0.104466990912319
14.43,0.104447753187563
14.44,0.104428543050368
14.45,0.104409352494476
14.46,0.104390212274238
14.47,0.104371088772463
14.48,0.104352006408124
14.49,0.104332954456197
14.5,0.104313938144829
14.51,0.104294952039272
14.52,0.104275991532697
14.53,0.104257065829077
14.54,0.104238174813932
14.55,0.104219311111475
14.56,0.104200479331306
14.57,0.104181673957259
14.58,0.104162909462446
14.59,0.104144169544959
14.6,0.104125468653404
14.61,0.104106785862263
14.62,0.104088144835115
14.63,0.104069529126017
14.64,0.104050951465851
14.65,0.104032398900417
14.66,0.10401387715959
14.67,0.103995384386809
14.68,0.10397692664121
14.69,0.103958488636308
14.7,0.103940097577062
14.71,0.103921722419036
14.72,0.103903385157865
14.73,0.103885074749247
14.74,0.103866792969486
14.75,0.103848548003874
14.76,0.103830319828307
14.77,0.10381213841875
14.78,0.103793975531768
14.79,0.103775849372916
14.8,0.103757739715591
14.81,0.103739676920429
14.82,0.103721628762065
14.83,0.103703620017391
14.84,0.103685638685105
14.85,0.103667681104943
14.86,0.103649761897997
14.87,0.103631860189068
14.88,0.103614000205467
14.89,0.103596161292353
14.9,0.1035783460302
14.91,0.103560567009474
14.92,0.103542817180295
14.93,0.103525099155568
14.94,0.103507400090512
14.95,0.103489739148152
14.96,0.10347210714427
14.97,0.103454496818879
14.98,0.103436911767348
14.99,0.103419360957032
15.0,0.103401842789316
15.01,0.10338434521535
15.02,0.103366880024492
15.03,0.103349442785419
15.04,0.10333203067525
15.05,0.103314642691703
15.06,0.103297289802555
15.07,0.103279964766182
15.08,0.1032626709894
15.09,0.103245395031242
15.1,0.10322815385413
15.11,0.103210936885197
15.12,0.103193743868565
15.13,0.103176588582961
15.14,0.103159447996879
15.15,0.103142340526013
15.16,0.103125267920549
15.17,0.103108209956592
15.18,0.10309118782675
15.19,0.103074186717199
15.2,0.103057213952213
15.21,0.103040274189659
15.22,0.103023361726976
15.23,0.103006468425694
15.24,0.102989600599285
15.25,0.102972760244597
15.26,0.102955950781517
15.27,0.102939169507591
15.28,0.102922409061267
15.29,0.102905681446702
15.3,0.102888979955548
15.31,0.102872293019989
15.32,0.102855648629285
15.33,0.102839017742753
15.34,0.102822422379827
15.35,0.102805847450796
15.36,0.102789297764744
15.37,0.102772772510665
15.38,0.102756280668143
15.39,0.102739813007353
15.4,0.102723366916912
15.41,0.102706944967639
15.42,0.102690556348793
15.43,0.102674191781815
15.44,0.102657848762446
15.45,0.102641529003211
15.46,0.102625244284656
15.47,0.10260896899576
15.48,0.102592732254974
15.49,0.102576522365889
15.5,0.102560330228565
15.51,0.102544168185477
15.52,0.102528031319405
15.53,0.102511912784424
15.54,0.102495820852976
15.55,0.102479759262142
15.56,0.102463724243916
15.57,0.102447707728769
15.58,0.102431712964974
15.59,0.102415753974713
15.6,0.102399805232934
15.61,0.102383890171825
15.62,0.102368006036025
15.63,0.102352136884545
15.64,0.102336296562971
15.65,0.102320469910005
15.66,0.102304685376544
15.67,0.10228891241376
15.68,0.102273161282247
15.69,0.102257444723708
15.7,0.102241746168277
15.71,0.102226072158292
15.72,0.102210429894524
15.73,0.102194804557786
15.74,0.102179207521103
15.75,0.102163628364306
15.76,0.102148073679973
15.77,0.10213253685857
15.78,0.102117043452767
15.79,0.102101551653666
15.8,0.102086090462951
15.81,0.102070660842355
15.82,0.102055244289039
15.83,0.102039859553695
15.84,0.102024491563407
15.85,0.102009156861169
15.86,0.101993834359636
15.87,0.101978544397996
15.88,0.101963272808786
15.89,0.101948020944887
15.9,0.101932793279311
15.91,0.101917595720455
15.92,0.101902417836168
15.93,0.101887252011338
15.94,0.101872124837464
15.95,0.101857011466505
15.96,0.101841925922525
15.97,0.101826863154563
15.98,0.101811820661393
15.99,0.101796797715901
16.0,0.101781794710887
16.01,0.101766825728985
16.02,0.101751874141798
16.03,0.101736941046422
16.04,0.101722032304659
16.05,0.101707150621439
16.06,0.101692280465211
16.07,0.101677440428286
16.08,0.101662622284141
16.09,0.10164783142468
16.1,0.101633053424006
16.11,0.101618301684107
16.12,0.101603575549709
16.13,0.101588865632344
16.14,0.101574174725746
16.15,0.101559513793148
16.16,0.101544865608367
16.17,0.10153024359364
16.18,0.101515653293406
16.19,0.101501072910526
16.2,0.101486512781591
16.21,0.101471980172096
16.22,0.101457466420405
16.23,0.101442975310622
16.24,0.101428513035812
16.25,0.101414056789081
16.26,0.101399632125194
16.27,0.101385228598738
16.28,0.101370842479011
16.29,0.101356477903429
16.3,0.101342128274758
16.31,0.101327811147963
16.32,0.101313514069534
16.33,0.10129923154504
16.34,0.101284970474319
16.35,0.101270738060878
16.36,0.101256528405854
16.37,0.101242322247616
16.38,0.101228145699027
16.39,0.101214001856434
16.4,0.101199864258684
16.41,0.101185755213298
16.42,0.101171666041324
16.43,0.10115759407203
16.44,0.101143540931657
16.45,0.101129508766573
16.46,0.101115501275277
16.47,0.101101515362013
16.48,0.101087537581863
16.49,0.101073598545123
16.5,0.101059665613913
16.51,0.101045752402196
16.52,0.101031866258563
16.53,0.101018002591203
16.54,0.101004151174079
16.55,0.100990323199631
16.56,0.100976521248787
16.57,0.100962727906637
16.58,0.100948961561055
16.59,0.100935213790887
16.6,0.100921485780923
16.61,0.100907782532707
16.62,0.100894091302807
16.63,0.10088042220193
16.64,0.100866775404488
16.65,0.100853148290579
16.66,0.10083953305575
16.67,0.10082595156565
16.68,0.100812383148399
16.69,0.100798825933029
16.7,0.100785294046724
16.71,0.100771789765032
16.72,0.100758294856212
16.73,0.100744827023263
16.74,0.100731366241682
16.75,0.100717931232211
16.76,0.100704514521509
16.77,0.1006911276194
16.78,0.100677747710978
16.79,0.100664380732674
16.8,0.100651044790174
16.81,0.100637726798461
16.82,0.100624434743304
16.83,0.100611149630505
16.84,0.100597880425902
16.85,0.10058464064626
16.86,0.100571416227194
16.87,0.100558210474573
16.88,0.10054501878329
16.89,0.100531846720429
16.9,0.100518701491489
16.91,0.10050557308254
16.92,0.100492463260224
16.93,0.100479367439602
16.94,0.100466288397383
16.95,0.100453227900308
16.96,0.100440191353534
16.97,0.100427174334407
16.98,0.100414165829227
16.99,0.100401188442711
17.0,0.10038821954284
17.01,0.100375270106012
17.02,0.100362344547577
17.03,0.100349434634536
17.04,0.10033653315392
17.05,0.100323669291717
17.06,0.100310810044481
17.07,0.100297964608264
17.08,0.100285147540761
17.09,0.100272349828626
17.1,0.100259564887461
17.11,0.100246797716043
17.12,0.100234047637179
17.13,0.100221310289522
17.14,0.100208602230958
17.15,0.100195906877247
17.16,0.100183229786335
17.17,0.100170569377555
17.18,0.100157927001015
17.19,0.100145297266988
17.2,0.100132692953004
17.21,0.100120104056084
17.22,0.100107534549734
17.23,0.100094980227262
17.24,0.100082437492562
17.25,0.100069915105565
17.26,0.100057419648624
17.27,0.100044933950434
17.28,0.100032466369842
17.29,0.100020018080246
17.3,0.100007581104197
17.31,0.0999951594070806
17.32,0.0999827669687678
17.33,0.0999703885907523
17.34,0.0999580166430325
17.35,0.0999456659626797
17.36,0.0999333460693799
17.37,0.0999210287841178
17.38,0.0999087265133743
17.39,0.0998964506035533
17.4,0.0998841876861234
17.41,0.0998719427129739
17.42,0.0998597140694962
17.43,0.099847496584878
17.44,0.0998352971931242
17.45,0.0998231217289044
17.46,0.0998109635397886
17.47,0.0997988200469833
17.48,0.0997866782211026
17.49,0.0997745748604141
17.5,0.0997624749302084
17.51,0.0997504006531002
17.52,0.0997383297796151
17.53,0.0997262867012769
17.54,0.0997142564533548
17.55,0.0997022423695311
17.56,0.0996902493042829
17.57,0.0996782669376488
17.58,0.0996663067252601
17.59,0.0996543493102195
17.6,0.0996424169630955
17.61,0.0996305011728065
17.62,0.0996186014441675
17.63,0.0996067128106286
17.64,0.0995948497025302
17.65,0.0995829926069
17.66,0.0995711603617459
17.67,0.0995593398203186
17.68,0.0995475362624389
17.69,0.0995357455201083
17.7,0.0995239823722796
17.71,0.0995122190964152
17.72,0.0995004807526018
17.73,0.0994887599586808
17.74,0.0994770529326287
17.75,0.0994653585282393
17.76,0.0994536800048603
17.77,0.0994420241950518
17.78,0.0994303741174362
17.79,0.0994187467306564
17.8,0.099407122925023
17.81,0.0993955329172261
17.82,0.0993839503768934
17.83,0.0993723805022315
17.84,0.099360822481476
17.85,0.0993492908845019
17.86,0.0993377639295943
17.87,0.0993262584560879
17.88,0.0993147649225973
17.89,0.0993032915588688
17.9,0.0992918379922069
17.91,0.0992803879920993
17.92,0.0992689625575196
17.93,0.0992575434580032
17.94,0.0992461441114934
17.95,0.0992347610781154
17.96,0.0992233897758631
17.97,0.0992120437549083
17.98,0.0992007012438324
17.99,0.0991893822117794
18.0,0.0991780766479175
18.01,0.0991667745514391
18.02,0.0991554976920987
18.03,0.0991442324880602
18.04,0.0991329797091255
18.05,0.0991217541451233
18.06,0.0991105299848241
18.07,0.0990993274270271
18.08,0.0990881410521688
18.09,0.0990769670590924
18.1,0.0990658064272052
18.11,0.0990546591459372
18.12,0.0990435252934806
18.13,0.0990324137006292
18.14,0.0990213054168291
18.15,0.0990102222421418
18.16,0.098999150585037
18.17,0.0989880912156218
18.18,0.0989770469140274
18.19,0.0989660269696822
18.2,0.098955009200332
18.21,0.0989440108966415
18.22,0.0989330176193727
18.23,0.0989220485676948
18.24,0.0989110928157536
18.25,0.0989001482032837
18.26,0.0988892195662004
18.27,0.0988783103432214
18.28,0.0988674053544131
18.29,0.0988565252695686
18.3,0.0988456573288939
18.31,0.0988347987517361
18.32,0.0988239461641084
18.33,0.0988131266441842
18.34,0.0988023082381077
18.35,0.0987915040073919
18.36,0.098780720807798
18.37,0.0987699479115048
18.38,0.0987591837282326
18.39,0.0987484377591429
18.4,0.0987377176446182
18.41,0.0987269978382931
18.42,0.0987162928010071
18.43,0.0987056060075872
18.44,0.0986949260804521
18.45,0.0986842671057704
18.46,0.098673619384417
18.47,0.098662984398789
18.48,0.0986523623886309
18.49,0.0986417533896934
18.5,0.0986311681007272
18.51,0.0986205840207949
18.52,0.0986100198232205
18.53,0.0985994596036619
18.54,0.0985889230600038
18.55,0.0985783994628942
18.56,0.0985678939336857
18.57,0.0985573913396496
18.58,0.0985469033777476
18.59,0.0985364273297306
18.6,0.098525973106538
18.61,0.0985155307660334
18.62,0.0985051002436568
18.63,0.09849468158286
18.64,0.0984842747235693
18.65,0.0984738834953784
18.66,0.0984635092516046
18.67,0.0984531416279995
18.68,0.0984427919965924
18.69,0.0984324569159982
18.7,0.0984221346237996
18.71,0.0984118092749689
18.72,0.0984015194943586
18.73,0.0983912324501425
18.74,0.0983809523348826
18.75,0.0983707005374733
18.76,0.0983604466583488
18.77,0.098350214474471
18.78,0.0983399949966497
18.79,0.0983297890007988
18.8,0.0983195908755649
18.81,0.0983094054258626
18.82,0.0982992344309139
18.83,0.0982890812726514
18.84,0.0982789425701232
18.85,0.0982688064947667
18.86,0.0982586910376043
18.87,0.098248585196004
18.88,0.0982384901689074
18.89,0.0982284085237294
18.9,0.0982183484710321
18.91,0.0982082907830509
18.92,0.0981982528797495
18.93,0.0981882165323409
18.94,0.0981782045225397
18.95,0.0981682002704612
18.96,0.0981582065537151
18.97,0.0981482271434076
18.98,0.0981382664645161
18.99,0.0981283100893869
19.0,0.0981183641987671
19.01,0.0981084388150571
19.02,0.0980985248984332
19.03,0.0980886124602886
19.04,0.0980787186914442
19.05,0.0980688509648945
19.06,0.0980589808904189
19.07,0.0980491222499717
19.08,0.0980392878355246
19.09,0.0980294510474492
19.1,0.0980196336881703
19.11,0.0980098214999074
19.12,0.0980000279224746
19.13,0.0979902475284712
19.14,0.0979804775088981
19.15,0.0979707260647747
19.16,0.0979609777787534
19.17,0.0979512408418889
19.18,0.097941524245791
19.19,0.0979318179820874
19.2,0.0979221120624238
19.21,0.0979124274484639
19.22,0.0979027569324271
19.23,0.0978930939449321
19.24,0.097883451238233
19.25,0.097873811614601
19.26,0.0978641804747084
19.27,0.0978545724013991
19.28,0.0978449717853788
19.29,0.0978353742295262
19.3,0.0978257951145823
19.31,0.097816231823998
19.32,0.0978066841874699
19.33,0.09779713950483
19.34,0.0977876050837396
19.35,0.0977780836639799
19.36,0.0977685768458532
19.37,0.0977590858134514
19.38,0.0977496031571109
19.39,0.0977401196793383
19.4,0.0977306573621212
19.41,0.09772120893646
19.42,0.0977117797159358
19.43,0.0977023478414856
19.44,0.097692937105701
19.45,0.0976835282811876
19.46,0.0976741405694926
19.47,0.0976647639153238
19.48,0.097655385414612
19.49,0.0976460280030716
19.5,0.0976366806828513
19.51,0.0976273534361167
19.52,0.0976180271928218
19.53,0.0976087100786576
19.54,0.097599413014574
19.55,0.0975901259928009
19.56,0.0975808399495148
19.57,0.0975715757886984
19.58,0.0975623216469788
19.59,0.0975530737361096
19.6,0.0975438405495922
19.61,0.0975346136374964
19.62,0.0975254095143058
19.63,0.0975162025812983
19.64,0.0975070183482409
19.65,0.0974978341434027
19.66,0.0974886689064492
19.67,0.0974795145532868
19.68,0.0974703702184351
19.69,0.0974612348187709
19.7,0.0974521092674282
19.71,0.0974430037246133
19.72,0.097433901803765
19.73,0.097424815077785
19.74,0.0974157310500112
19.75,0.0974066660379087
19.76,0.0973976107921762
19.77,0.0973885636212419
19.78,0.0973795272514483
19.79,0.0973705016085732
19.8,0.0973614867402088
19.81,0.097352479805324
19.82,0.0973434946183862
19.83,0.0973345073620823
19.84,0.097325539929536
19.85,0.0973165804396712
19.86,0.0973076216318104
19.87,0.0972986835407676
19.88,0.0972897571390176
19.89,0.0972808386272086
19.9,0.0972719380014934
19.91,0.0972630398405219
19.92,0.0972541487625009
19.93,0.0972452773424739
19.94,0.0972364175639208
19.95,0.0972275546466755
19.96,0.0972187133584024
19.97,0.0972098826958928
19.98,0.097201057078827
19.99,0.0971922448620421
20.0,0.0971834504588422
20.01,0.0971746576494256
