Mach,CD Power-On
0.01,0.864704282042748
0.02,0.750506393313652
0.03,0.693755354612784
0.04,0.657282557376434
0.05,0.630938032548133
0.06,0.610578123428736
0.07,0.59413129393706
0.08,0.580423706424858
0.09,0.568730254908336
0.1,0.558573565819418
0.11,0.549624426406069
0.12,0.541646395381229
0.13,0.534464585688416
0.14,0.527946348923924
0.15,0.521988524868009
0.16,0.516509835171775
0.17,0.511444865154244
0.18,0.506740454353694
0.19,0.502352737402848
0.2,0.498245186505308
0.21,0.494387002164036
0.22,0.490752099240074
0.23,0.487318187717039
0.24,0.484065988872189
0.25,0.480978904661567
0.26,0.478488728238579
0.27,0.4764226266724
0.28,0.475354086733754
0.29,0.474451052635922
0.3,0.473601138696064
0.31,0.472800453265037
0.32,0.472110511437449
0.33,0.472412047230748
0.34,0.472713588536774
0.35,0.473015166731772
0.36,0.473316767401264
0.37,0.473618353089976
0.38,0.473920007984668
0.39,0.474221667220717
0.4,0.474523343819108
0.41,0.474825037096059
0.42,0.47512674637202
0.43,0.475428505391821
0.44,0.475730265355059
0.45,0.476032055346764
0.46,0.47633387703801
0.47,0.476635713726818
0.48,0.476937560090222
0.49,0.47723942014543
0.5,0.477541309288593
0.51,0.477843208499617
0.52,0.478145135516536
0.53,0.478447089704141
0.54,0.478749033676839
0.55,0.479051040315528
0.56,0.479353035487979
0.57,0.479655039285323
0.58,0.479957064800284
0.59,0.479252754838244
0.6,0.47854850212649
0.61,0.478637725600165
0.62,0.478698008560471
0.63,0.478757782238711
0.64,0.478817043706263
0.65,0.47887581308323
0.66,0.47893410349108
0.67,0.478991879925536
0.68,0.479049162517111
0.69,0.479105964397596
0.7,0.479162287327191
0.71,0.479218112358301
0.72,0.479273422880714
0.73,0.479328287170965
0.74,0.479382649537168
0.75,0.479436550844356
0.76,0.479489949116166
0.77,0.479542864512923
0.78,0.479595330907163
0.79,0.479647297291151
0.8,0.47969877683257
0.81,0.479749824124537
0.82,0.479800385834618
0.83,0.479850477473821
0.84,0.479900066426988
0.85,0.47994920263138
0.86,0.479997901607075
0.87,0.480046169836191
0.88,0.480093910248014
0.89,0.480141085574194
0.9,0.480187879074662
0.91,0.48345315665237
0.92,0.493248989385493
0.93,0.503423430379152
0.94,0.509078563266788
0.95,0.514733696154423
0.96,0.520388829042058
0.97,0.526043961929693
0.98,0.531699094817328
0.99,0.537354227704963
1.0,0.543009360592598
1.01,0.548664493480234
1.02,0.554319626367869
1.03,0.559974759255504
1.04,0.565629892143139
1.05,0.571285025030774
1.06,0.569458745981391
1.07,0.567658680183547
1.08,0.565884097519362
1.09,0.564134328633284
1.1,0.562408708213552
1.11,0.560706599030558
1.12,0.559027354500962
1.13,0.557370426787009
1.14,0.555735226443332
1.15,0.554121204772226
1.16,0.551636227371078
1.17,0.54914248307419
1.18,0.546674489023896
1.19,0.544233781891694
1.2,0.541426244108188
1.21,0.538431794997801
1.22,0.53546082066744
1.23,0.532512538592374
1.24,0.529586656155064
1.25,0.526695608056769
1.26,0.523889301853458
1.27,0.521141522780934
1.28,0.51844299546093
1.29,0.515789322474977
1.3,0.513177509074108
1.31,0.510605863000627
1.32,0.50807256395653
1.33,0.505576618224767
1.34,0.503116805496778
1.35,0.500692499255219
1.36,0.498302739867514
1.37,0.4959470189393
1.38,0.493624726165169
1.39,0.491335373542826
1.4,0.489078391391706
1.41,0.48685336536938
1.42,0.484659918962206
1.43,0.482497782152245
1.44,0.480366530043374
1.45,0.478265873300337
1.46,0.476195520938089
1.47,0.474155118443212
1.48,0.472144631605116
1.49,0.470163628085866
1.5,0.468211888672858
1.51,0.4662893266484
1.52,0.464395637800136
1.53,0.462530779790814
1.54,0.460694355747647
1.55,0.45888642361949
1.56,0.457106654177218
1.57,0.455355084525096
1.58,0.45363140967383
1.59,0.451935598676054
1.6,0.450267430105116
1.61,0.448626906075076
1.62,0.447013842404355
1.63,0.445428217374628
1.64,0.443869770816935
1.65,0.442338596472688
1.66,0.440834528891243
1.67,0.439357391907299
1.68,0.437907316899564
1.69,0.436484051495865
1.7,0.43508762892
1.71,0.433717899776939
1.72,0.432374807301335
1.73,0.431058405805364
1.74,0.429768558338563
1.75,0.428505316776025
1.76,0.427268451420772
1.77,0.426058040443055
1.78,0.424874026900223
1.79,0.42371640749068
1.8,0.422585059217943
1.81,0.421480045163569
1.82,0.420401356278596
1.83,0.419348879254752
1.84,0.41832259533317
1.85,0.417322497453994
1.86,0.416348589999688
1.87,0.415400846150661
1.88,0.414479263215184
1.89,0.413583862880715
1.9,0.412714619605407
1.91,0.411871450407636
1.92,0.411054462499825
1.93,0.410263559691149
1.94,0.40949873706831
1.95,0.408760111058842
1.96,0.408047508795668
1.97,0.407361128884089
1.98,0.406358069676329
1.99,0.405381072718991
2.0,0.404430243964516
2.01,0.403610057624048
2.02,0.402810804458973
2.03,0.402042958814712
2.04,0.401306360055693
2.05,0.400600902170373
2.06,0.399913513226031
2.07,0.399120686366047
2.08,0.398357782890552
2.09,0.39762494682071
2.1,0.396921890254686
2.11,0.396248559803707
2.12,0.395605094199525
2.13,0.394991231194649
2.14,0.394406927183606
2.15,0.393852115908651
2.16,0.393326864598734
2.17,0.392830922670814
2.18,0.392364440850657
2.19,0.39192730792141
2.2,0.39151936923805
2.21,0.391140706239401
2.22,0.390791283339512
2.23,0.390470983498123
2.24,0.389305980436864
2.25,0.38681246475274
2.26,0.384334933017162
2.27,0.381873164334662
2.28,0.379427069296486
2.29,0.376996267354949
2.3,0.374580628716335
2.31,0.372180005733989
2.32,0.369794196940889
2.33,0.367422924156255
2.34,0.365066018334499
2.35,0.362723425708933
2.36,0.360394956546333
2.37,0.358080247610793
2.38,0.355779277812948
2.39,0.353491941664684
2.4,0.351217924368821
2.41,0.348957166121349
2.42,0.346709536237766
2.43,0.344474783290908
2.44,0.342252882123998
2.45,0.340043684248282
2.46,0.338886675849495
2.47,0.337742133138348
2.48,0.33660980847942
2.49,0.335489564924768
2.5,0.334381326601844
2.51,0.333284947059006
2.52,0.332200215003714
2.53,0.331127109692906
2.54,0.33006552954193
2.55,0.329015267063089
2.56,0.327976207283372
2.57,0.326948354758598
2.58,0.32593150773779
2.59,0.324925567609178
2.6,0.323930315530513
2.61,0.322945896208412
2.62,0.321972074817998
2.63,0.321008676697973
2.64,0.320055709923824
2.65,0.319112985456956
2.66,0.318180412495058
2.67,0.317258011635869
2.68,0.316345592926418
2.69,0.315443179621536
2.7,0.314550484763303
2.71,0.313667531356496
2.72,0.312794232218386
2.73,0.311930528180622
2.74,0.311076217999014
2.75,0.31023135170638
2.76,0.309395751474511
2.77,0.308569442917592
2.78,0.307752141703224
2.79,0.306943992871621
2.8,0.306144832455724
2.81,0.305354586540736
2.82,0.304573180396565
2.83,0.303800561390049
2.84,0.303036559361003
2.85,0.30228121435111
2.86,0.301534368724374
2.87,0.300796006499241
2.88,0.300066042801961
2.89,0.299344416346339
2.9,0.29863106884043
2.91,0.297925916059344
2.92,0.297228881425966
2.93,0.296539925159644
2.94,0.295858976730652
2.95,0.29518595326704
2.96,0.294520815813941
2.97,0.293863495676631
2.98,0.293213922388619
2.99,0.292572031750286
3.0,0.291937799947168
3.01,0.291127213726139
3.02,0.29032244212247
3.03,0.289523466849678
3.04,0.288730228110047
3.05,0.287942698439915
3.06,0.287160823265699
3.07,0.286384606297015
3.08,0.285613990851767
3.09,0.284848933058472
3.1,0.284089407678265
3.11,0.283335373339841
3.12,0.282586814862359
3.13,0.28184368259875
3.14,0.28110595331305
3.15,0.280373582869707
3.16,0.279646519123621
3.17,0.278924772794166
3.18,0.278208294925787
3.19,0.277497036789201
3.2,0.276790979792553
3.21,0.276090115578093
3.22,0.275394365918905
3.23,0.274703725312715
3.24,0.27401815346249
3.25,0.273337635245252
3.26,0.272662133468592
3.27,0.271991623208901
3.28,0.271326049404944
3.29,0.27066542157026
3.3,0.270009674603883
3.31,0.26935880652788
3.32,0.268712761900382
3.33,0.268071526150641
3.34,0.267435081538901
3.35,0.266803379320823
3.36,0.266176410901952
3.37,0.265554129115342
3.38,0.264936519996791
3.39,0.264323539463603
3.4,0.263715170998737
3.41,0.263111405263038
3.42,0.262512180107308
3.43,0.26191749210372
3.44,0.261327301026948
3.45,0.260741579622617
3.46,0.260160321654875
3.47,0.259583494660479
3.48,0.25901105447427
3.49,0.258442983868674
3.5,0.25787925932682
3.51,0.25731986983767
3.52,0.256764751707574
3.53,0.256213921369392
3.54,0.255667325341038
3.55,0.255124943594122
3.56,0.254586759559388
3.57,0.254052750061147
3.58,0.253522885472906
3.59,0.252997122885325
3.6,0.252475478790855
3.61,0.251957888349857
3.62,0.25144435082867
3.63,0.250934838317218
3.64,0.250429314652349
3.65,0.249927766688887
3.66,0.249430160222118
3.67,0.248936498699168
3.68,0.248446743670785
3.69,0.247960846749312
3.7,0.247478819717311
3.71,0.247000616414573
3.72,0.246526245811202
3.73,0.246055636578665
3.74,0.245588806889645
3.75,0.245125719045539
3.76,0.244666343896831
3.77,0.244210667979795
3.78,0.243758663470897
3.79,0.243310314724081
3.8,0.242865592410012
3.81,0.242424481155059
3.82,0.24198695000545
3.83,0.241552985503348
3.84,0.241122566267548
3.85,0.240695662621118
3.86,0.240145524801084
3.87,0.239598854042719
3.88,0.239055643507357
3.89,0.23851586928578
3.9,0.237979498668135
3.91,0.237446534225288
3.92,0.236916925803267
3.93,0.236390686073722
3.94,0.235867756373881
3.95,0.23534814262413
3.96,0.234831809081967
3.97,0.234318744540282
3.98,0.233808923463444
3.99,0.233302326332989
4.0,0.232798930368576
4.01,0.232298721962279
4.02,0.231801678791951
4.03,0.231307768300098
4.04,0.230816991302711
4.05,0.23032932414262
4.06,0.229844728986801
4.07,0.229363192317077
4.08,0.228884692192823
4.09,0.228409229529606
4.1,0.227936755261025
4.11,0.227467280468855
4.12,0.227000768993045
4.13,0.226537196421956
4.14,0.226076536725032
4.15,0.225618808395526
4.16,0.225163948211298
4.17,0.224711959382177
4.18,0.224262828684235
4.19,0.223816504901473
4.2,0.223373002362264
4.21,0.222932287063186
4.22,0.222494346222446
4.23,0.222059155925181
4.24,0.221626703497376
4.25,0.221196960352915
4.26,0.22076991063421
4.27,0.220345551457911
4.28,0.219923831969534
4.29,0.219504766902581
4.3,0.219088331067088
4.31,0.218674473107991
4.32,0.218263223631506
4.33,0.217854526319214
4.34,0.217448381808945
4.35,0.217044766731241
4.36,0.216643666240401
4.37,0.216245062589845
4.38,0.215848935487553
4.39,0.215485853143686
4.4,0.215195312630743
4.41,0.214905172093405
4.42,0.214615422825566
4.43,0.214326057397582
4.44,0.214037094210188
4.45,0.213748521153017
4.46,0.213460338489736
4.47,0.213172528673131
4.48,0.21288512209866
4.49,0.212598076014398
4.5,0.212311403461254
4.51,0.212025103640992
4.52,0.211739181966942
4.53,0.211453624602953
4.54,0.211168426833156
4.55,0.210883580200178
4.56,0.210599099822802
4.57,0.210314976954678
4.58,0.210031198395105
4.59,0.209747770704926
4.6,0.209464677682796
4.61,0.20918192414492
4.62,0.208899510913547
4.63,0.208617417111146
4.64,0.208335663319121
4.65,0.208054221340623
4.66,0.207773094469234
4.67,0.207492284302638
4.68,0.207211795442286
4.69,0.206931602242699
4.7,0.206651720494075
4.71,0.20637212313228
4.72,0.206092818571427
4.73,0.205813802373089
4.74,0.205535071417445
4.75,0.205256622509072
4.76,0.2049784285238
4.77,0.204700531361646
4.78,0.204422863744061
4.79,0.204145479200874
4.8,0.203868337243129
4.81,0.203591452887759
4.82,0.203314803877756
4.83,0.203038395111945
4.84,0.202762218645719
4.85,0.20248625924292
4.86,0.202210531606032
4.87,0.201935015958016
4.88,0.201659721329817
4.89,0.201384615555203
4.9,0.201109719273983
4.91,0.200835014636108
4.92,0.200560487703172
4.93,0.20028615389987
4.94,0.200012001250677
4.95,0.19973801910896
4.96,0.199464192655572
4.97,0.19919053220618
4.98,0.198917012107182
4.99,0.198643653254262
5.0,0.198370418925244
5.01,0.198097337405622
5.02,0.197824358082615
5.03,0.197551528295728
5.04,0.197278799099945
5.05,0.197006179656645
5.06,0.196733668060188
5.07,0.196461247921319
5.08,0.196188928348863
5.09,0.195916670872502
5.1,0.195644498154223
5.11,0.195372399964647
5.12,0.195100374096533
5.13,0.194828386620211
5.14,0.194556470107535
5.15,0.194284572243115
5.16,0.194012725963855
5.17,0.193740907460563
5.18,0.193469109862094
5.19,0.193197330335693
5.2,0.192925559982786
5.21,0.192653790902214
5.22,0.192382014791548
5.23,0.192110234558189
5.24,0.191838426498032
5.25,0.191566580620546
5.26,0.191294721948327
5.27,0.191022818232336
5.28,0.190750860008432
5.29,0.190478852137447
5.3,0.190206772328376
5.31,0.189934624849024
5.32,0.189662407201632
5.33,0.189390096546347
5.34,0.189117717503147
5.35,0.188845224163559
5.36,0.188572611335577
5.37,0.188299891433467
5.38,0.188027050056907
5.39,0.187754070770944
5.4,0.187480977448156
5.41,0.187207723624709
5.42,0.186934314375417
5.43,0.186660752260894
5.44,0.186387022248805
5.45,0.18611311748774
5.46,0.185839029141391
5.47,0.185564743437031
5.48,0.185290258308873
5.49,0.18501556994012
5.5,0.184740663158982
5.51,0.184465540229122
5.52,0.184190190055136
5.53,0.183914587392269
5.54,0.183638747168876
5.55,0.183362652671772
5.56,0.183086294147271
5.57,0.182809665072383
5.58,0.182532755807442
5.59,0.182255562381045
5.6,0.181978069490255
5.61,0.181700275793115
5.62,0.181422176080702
5.63,0.181143761907867
5.64,0.180864999378512
5.65,0.180585928576302
5.66,0.180306492585608
5.67,0.180026711553937
5.68,0.179746568591131
5.69,0.179466066458037
5.7,0.17918515985038
5.71,0.178903897114728
5.72,0.178622238523625
5.73,0.178340151140435
5.74,0.178057683625724
5.75,0.177774777379576
5.76,0.177491446620278
5.77,0.177207679939683
5.78,0.176923478683403
5.79,0.176638816982569
5.8,0.176353690605286
5.81,0.176068109222876
5.82,0.175782038464503
5.83,0.175495476961877
5.84,0.175208431368842
5.85,0.174920867547483
5.86,0.174632802066669
5.87,0.174344206223422
5.88,0.174055085616523
5.89,0.173765436989211
5.9,0.173475235905107
5.91,0.173184466282162
5.92,0.1728931320213
5.93,0.172601231232779
5.94,0.172308752559388
5.95,0.172015672478979
5.96,0.171721999015552
5.97,0.171427723627727
5.98,0.171132811535966
5.99,0.170837297443418
6.0,0.170541128852202
6.01,0.17027547463507
6.02,0.170045160664462
6.03,0.169814972931708
6.04,0.169584914479623
6.05,0.169355006866586
6.06,0.169125223140756
6.07,0.168895576416193
6.08,0.168666065347819
6.09,0.16843669575857
6.1,0.168207463528848
6.11,0.167978374420938
6.12,0.167749421531046
6.13,0.167520603687041
6.14,0.167291926111064
6.15,0.167063392353986
6.16,0.166835005574938
6.17,0.166606758907312
6.18,0.166378651074373
6.19,0.166150684847769
6.2,0.165922868469305
6.21,0.16569520027966
6.22,0.165467668152669
6.23,0.165240283185332
6.24,0.165013050768966
6.25,0.164785954057985
6.26,0.164559011628023
6.27,0.164332208515208
6.28,0.164105568136287
6.29,0.163879068296064
6.3,0.163652715170231
6.31,0.163426508685856
6.32,0.163200462376186
6.33,0.162974556640061
6.34,0.162748809379309
6.35,0.162523203812627
6.36,0.162297755523828
6.37,0.162072452784662
6.38,0.161847297837442
6.39,0.161622309481077
6.4,0.161397462680399
6.41,0.161172767872608
6.42,0.16094823894201
6.43,0.160723852964329
6.44,0.160499620411546
6.45,0.160275544531645
6.46,0.160051625740774
6.47,0.159827861716267
6.48,0.159604251262539
6.49,0.159380790785501
6.5,0.159157481921024
6.51,0.158934339402531
6.52,0.15871135929563
6.53,0.158488516419996
6.54,0.158265843805661
6.55,0.158043321963549
6.56,0.157820966180528
6.57,0.157598761224534
6.58,0.157376705808602
6.59,0.157154822575641
6.6,0.156933083985076
6.61,0.156711513116521
6.62,0.156490090301818
6.63,0.156268828190519
6.64,0.156047739586405
6.65,0.155826790225403
6.66,0.155606014955872
6.67,0.155385381566725
6.68,0.155164922803431
6.69,0.154944614430574
6.7,0.154724468413437
6.71,0.154504488145731
6.72,0.154284658688172
6.73,0.154064987497909
6.74,0.153845485591534
6.75,0.15362613241137
6.76,0.153406948176571
6.77,0.153187925900837
6.78,0.152969051009574
6.79,0.152750345707384
6.8,0.15253180296034
6.81,0.152313418214244
6.82,0.152095196429085
6.83,0.151877124972885
6.84,0.151659222092785
6.85,0.151441479883967
6.86,0.151223901329185
6.87,0.151006474636771
6.88,0.150789219127948
6.89,0.150572112128662
6.9,0.150355177459878
6.91,0.150138397200773
6.92,0.149921788672146
6.93,0.149705330105794
6.94,0.149489033529111
6.95,0.149272901849397
6.96,0.149056930510157
6.97,0.148841121517782
6.98,0.148625464955003
6.99,0.14840998186897
7.0,0.148209901418176
7.01,0.14804166189497
7.02,0.147873827969709
7.03,0.147706384161791
7.04,0.14753933429384
7.05,0.147372680273207
7.06,0.14720641659663
7.07,0.147040547080089
7.08,0.146875068041517
7.09,0.146709966089789
7.1,0.146545274723786
7.11,0.146380949582324
7.12,0.146217013315416
7.13,0.146053463367386
7.14,0.145890295181426
7.15,0.145727500602989
7.16,0.145565092431598
7.17,0.145403073364089
7.18,0.145241420760859
7.19,0.145080140102212
7.2,0.144919253160369
7.21,0.14475873274722
7.22,0.144598581547109
7.23,0.144438806898214
7.24,0.144279411478022
7.25,0.144120362608251
7.26,0.143961705780196
7.27,0.143803402708307
7.28,0.143645476171692
7.29,0.143487898876151
7.3,0.143330703599042
7.31,0.143173854823708
7.32,0.143017389736089
7.33,0.142861266610054
7.34,0.142705504354835
7.35,0.142546751279876
7.36,0.142387804522378
7.37,0.142229225220686
7.38,0.142071026632989
7.39,0.141913189854767
7.4,0.141755730959017
7.41,0.14159863934432
7.42,0.141441903864354
7.43,0.141285541654955
7.44,0.141129528250256
7.45,0.140973890820905
7.46,0.140818614885041
7.47,0.140663691998325
7.48,0.140509130493514
7.49,0.140354931922598
7.5,0.140201084612444
7.51,0.140022401283594
7.52,0.139844181383208
7.53,0.139666445780486
7.54,0.139489182138918
7.55,0.139312391313145
7.56,0.139136073799952
7.57,0.138960224848419
7.58,0.138784836526129
7.59,0.138609914954432
7.6,0.138435454128907
7.61,0.13826146298978
7.62,0.138087922433367
7.63,0.137914844478897
7.64,0.137742218481232
7.65,0.137570048063763
7.66,0.137398340975332
7.67,0.13722707650393
7.68,0.137056257032725
7.69,0.136885897231708
7.7,0.136715959484022
7.71,0.13654649307357
7.72,0.136377455775851
7.73,0.136208858427341
7.74,0.136040718805631
7.75,0.13587299343419
7.76,0.135705718724627
7.77,0.135538876891412
7.78,0.135372464332266
7.79,0.135206486064079
7.8,0.135040950129147
7.81,0.134875827137238
7.82,0.134711130687949
7.83,0.13454686304119
7.84,0.134383027782823
7.85,0.134219612785507
7.86,0.134056607365
7.87,0.133894029550567
7.88,0.133731882763296
7.89,0.133570135038828
7.9,0.133408801458123
7.91,0.133247888384883
7.92,0.133087388130956
7.93,0.132927294285979
7.94,0.132767613328201
7.95,0.13260833888895
7.96,0.132449467454068
7.97,0.132291008400702
7.98,0.132132938267362
7.99,0.131975284861693
8.0,0.131818017671241
8.01,0.131661161703383
8.02,0.131504694897016
8.03,0.131348638024251
8.04,0.131192969054978
8.05,0.131037675957492
8.06,0.130882802273702
8.07,0.130728303218125
8.08,0.130574196761148
8.09,0.130420480608231
8.1,0.130267145825716
8.11,0.130114201778592
8.12,0.129961636187624
8.13,0.129809450081282
8.14,0.129657655649416
8.15,0.129506232283174
8.16,0.129355202092495
8.17,0.129204528941227
8.18,0.129054235123753
8.19,0.128904332557913
8.2,0.128754785314271
8.21,0.128605612707945
8.22,0.128456822420851
8.23,0.128308398358265
8.24,0.128160327137359
8.25,0.128012640978183
8.26,0.127865311922612
8.27,0.127718341285583
8.28,0.127571736577202
8.29,0.127425494553659
8.3,0.127279614643485
8.31,0.127134098875286
8.32,0.126988938647624
8.33,0.126844131395155
8.34,0.126699676715799
8.35,0.12655558846594
8.36,0.126411836064757
8.37,0.126268444324109
8.38,0.12612540006385
8.39,0.125982712738502
8.4,0.125840368983769
8.41,0.125698373818712
8.42,0.125556731101979
8.43,0.125415415618757
8.44,0.125274461446244
8.45,0.125133828308873
8.46,0.124993553226406
8.47,0.124853369716149
8.48,0.124713057658218
8.49,0.124573095051312
8.5,0.124433473228959
8.51,0.124294190037983
8.52,0.124155236543681
8.53,0.124016627795716
8.54,0.123878362941031
8.55,0.123740428952599
8.56,0.123602812828572
8.57,0.123465551751668
8.58,0.123328599600292
8.59,0.123192006510669
8.6,0.123055724054515
8.61,0.122919766833417
8.62,0.122784139179853
8.63,0.122648850917357
8.64,0.122513865951727
8.65,0.12237922174638
8.66,0.122244900177733
8.67,0.122110892728972
8.68,0.121977202080854
8.69,0.121843834907893
8.7,0.121710800696777
8.71,0.12157807131595
8.72,0.121445651499372
8.73,0.121313555493387
8.74,0.121181773191452
8.75,0.121050308507174
8.76,0.120919153737346
8.77,0.120788298369804
8.78,0.120657764245855
8.79,0.120527536177286
8.8,0.120397608355039
8.81,0.12026799793138
8.82,0.120138684411992
8.83,0.120009687314121
8.84,0.119880985645793
8.85,0.119752589893534
8.86,0.119624501383003
8.87,0.119496694517284
8.88,0.119369211631891
8.89,0.119242015003831
8.9,0.119115118580019
8.91,0.118988516943675
8.92,0.11886221454178
8.93,0.118736204215068
8.94,0.118610497227969
8.95,0.118485068057458
8.96,0.118359931248691
8.97,0.118235091839981
8.98,0.118110553841433
8.99,0.11798628953405
9.0,0.117862315701204
9.01,0.117738632420461
9.02,0.11761524086613
9.03,0.11749213115963
9.04,0.117369295619445
9.05,0.117246750422177
9.06,0.117124488459337
9.07,0.117002505914497
9.08,0.116880807903385
9.09,0.116759393992088
9.1,0.116638243708093
9.11,0.116517385993073
9.12,0.11639680882654
9.13,0.116276496111992
9.14,0.116156462438849
9.15,0.116036710142255
9.16,0.115917218788219
9.17,0.115797995133617
9.18,0.115679063677655
9.19,0.115560389686079
9.2,0.115441994214953
9.21,0.115323867467969
9.22,0.115205999019476
9.23,0.11508840563468
9.24,0.11497107689068
9.25,0.114854015136467
9.26,0.114737212044464
9.27,0.114620682986046
9.28,0.114504418943847
9.29,0.114388407369154
9.3,0.114272660647759
9.31,0.114157178346231
9.32,0.114041949327245
9.33,0.113926991815469
9.34,0.113812276737052
9.35,0.113697822327298
9.36,0.113583629517072
9.37,0.113469688605109
9.38,0.11335601637673
9.39,0.113242585229613
9.4,0.113129414001393
9.41,0.113016488177959
9.42,0.112903817026521
9.43,0.112791400471993
9.44,0.112679229395059
9.45,0.112567309721261
9.46,0.112455645465699
9.47,0.112344221025697
9.48,0.112233036395918
9.49,0.112122108771039
9.5,0.112011419748829
9.51,0.1119009841362
9.52,0.111790791536912
9.53,0.111680842362654
9.54,0.111571132171222
9.55,0.111461661828003
9.56,0.111352440135034
9.57,0.111243447040958
9.58,0.111134692637493
9.59,0.111026190457125
9.6,0.110917928166371
9.61,0.110809888150596
9.62,0.110702090035868
9.63,0.110594537858362
9.64,0.110487206817598
9.65,0.110380115676969
9.66,0.110273262965248
9.67,0.110166629388448
9.68,0.11006024984502
9.69,0.109954080412807
9.7,0.109848148966683
9.71,0.109742455131445
9.72,0.109636984710658
9.73,0.109531742028146
9.74,0.109426725841955
9.75,0.109321941962925
9.76,0.109217376606904
9.77,0.109113041948247
9.78,0.10900894317294
9.79,0.108905057156471
9.8,0.108801396306563
9.81,0.108697954680451
9.82,0.108594739385841
9.83,0.108491743504547
9.84,0.108388983229367
9.85,0.108286428869138
9.86,0.108184089394146
9.87,0.108081979779384
9.88,0.107980079671015
9.89,0.107878398726325
9.9,0.107776951221057
9.91,0.10767571031674
9.92,0.107574679363868
9.93,0.10747386153113
9.94,0.107373268527885
9.95,0.107272892567559
9.96,0.107172710534532
9.97,0.107072757655893
9.98,0.106973020808176
9.99,0.106873469639503
10.0,0.106774155619009
10.01,0.106752131082585
10.02,0.106725753990333
10.03,0.106699435769301
10.04,0.106673165690809
10.05,0.106646959259708
10.06,0.106620816583509
10.07,0.106594717739183
10.08,0.106568682843219
10.09,0.10654270374919
10.1,0.106516777023757
10.11,0.106490917303575
10.12,0.106465113669574
10.13,0.106439361661103
10.14,0.10641366693269
10.15,0.106388016796754
10.16,0.106362428565242
10.17,0.106336897901205
10.18,0.106311422105594
10.19,0.106286001269419
10.2,0.106260637212541
10.21,0.106235336572913
10.22,0.106210072875382
10.23,0.106184864489728
10.24,0.10615972258944
10.25,0.106134622315897
10.26,0.106109583199874
10.27,0.106084596957015
10.28,0.106059658166929
10.29,0.106034783508081
10.3,0.106009957562507
10.31,0.105985186526861
10.32,0.105960464368305
10.33,0.105935791114118
10.34,0.105911171385214
10.35,0.105886615204698
10.36,0.105862098236882
10.37,0.105837642192972
10.38,0.105813228317498
10.39,0.105788879986864
10.4,0.105764566727738
10.41,0.105740320310526
10.42,0.105716112462318
10.43,0.10569196159053
10.44,0.105667866135012
10.45,0.10564380948841
10.46,0.105619807266008
10.47,0.105595855137491
10.48,0.105571970390533
10.49,0.105548124727102
10.5,0.105524322182556
10.51,0.105500560032293
10.52,0.10547686440662
10.53,0.105453204919579
10.54,0.105429614893454
10.55,0.105406055559416
10.56,0.105382551431445
10.57,0.105359095354728
10.58,0.105335694623
10.59,0.105312334881209
10.6,0.105289033432335
10.61,0.105265767538952
10.62,0.105242551668406
10.63,0.105219385482462
10.64,0.105196266667152
10.65,0.105173206490608
10.66,0.105150180651569
10.67,0.10512720795903
10.68,0.105104274118001
10.69,0.10508139919868
10.7,0.10505856047034
10.71,0.105035780803008
10.72,0.105013031829979
10.73,0.104990340478687
10.74,0.104967685604145
10.75,0.104945084400893
10.76,0.104922532594868
10.77,0.104900025913336
10.78,0.104877557515402
10.79,0.104855141506348
10.8,0.104832765152002
10.81,0.104810448528395
10.82,0.104788148900647
10.83,0.104765919134672
10.84,0.104743730824941
10.85,0.104721580964363
10.86,0.104699488369079
10.87,0.104677420195145
10.88,0.104655409398601
10.89,0.104633437328057
10.9,0.104611514289522
10.91,0.104589624398686
10.92,0.104567792146923
10.93,0.10454599037689
10.94,0.104524249150408
10.95,0.104502538538978
10.96,0.104480877309114
10.97,0.104459255297745
10.98,0.104437674084066
10.99,0.104416145216
11.0,0.104394652984935
11.01,0.104373205984204
11.02,0.104351804433913
11.03,0.10433042675476
11.04,0.104309120225005
11.05,0.104287832092572
11.06,0.104266592445671
11.07,0.104245396903273
11.08,0.104224252732455
11.09,0.104203137199992
11.1,0.104182064621526
11.11,0.104161039334484
11.12,0.104140049889912
11.13,0.1041191078647
11.14,0.104098198998255
11.15,0.104077337102879
11.16,0.104056509034473
11.17,0.104035737838125
11.18,0.104014988568637
11.19,0.103994291500009
11.2,0.103973629467041
11.21,0.103953010513722
11.22,0.103932435723777
11.23,0.103911889963821
11.24,0.103891389827625
11.25,0.103870934413515
11.26,0.103850508142788
11.27,0.10383012769414
11.28,0.103809786920046
11.29,0.103789482443483
11.3,0.103769218735015
11.31,0.103748993846023
11.32,0.103728813628179
11.33,0.103708668902896
11.34,0.10368856036918
11.35,0.103668485648484
11.36,0.103648465182508
11.37,0.103628476235507
11.38,0.103608515460619
11.39,0.103588600091969
11.4,0.103568725769602
11.41,0.103548890392583
11.42,0.103529088551188
11.43,0.103509316121557
11.44,0.103489594942425
11.45,0.103469906061753
11.46,0.103450259527261
11.47,0.10343064881536
11.48,0.103411073324921
11.49,0.103391528332425
11.5,0.103372034431771
11.51,0.10335256697185
11.52,0.103333143492462
11.53,0.103313749321548
11.54,0.103294397228434
11.55,0.103275079968988
11.56,0.103255797654274
11.57,0.103236554400263
11.58,0.103217341042495
11.59,0.103198178615755
11.6,0.10317903439407
11.61,0.103159942202328
11.62,0.103140876304115
11.63,0.10312184150389
11.64,0.103102845409754
11.65,0.103083888193559
11.66,0.103064972225821
11.67,0.103046084077151
11.68,0.103027236248311
11.69,0.103008417488415
11.7,0.10298963866874
11.71,0.102970885505718
11.72,0.102952170545149
11.73,0.102933498434686
11.74,0.102914854896929
11.75,0.102896255402238
11.76,0.102877679373462
11.77,0.10285913953618
11.78,0.102840639158304
11.79,0.102822161997237
11.8,0.102803728435038
11.81,0.102785334038207
11.82,0.102766965470468
11.83,0.102748623333092
11.84,0.10273032889926
11.85,0.102712052990576
11.86,0.102693828924996
11.87,0.10267562738001
11.88,0.102657455965615
11.89,0.102639320481124
11.9,0.102621222675528
11.91,0.102603154391283
11.92,0.10258512134363
11.93,0.102567115628367
11.94,0.102549159283306
11.95,0.102531218545533
11.96,0.10251331372699
11.97,0.102495446124376
11.98,0.102477605501136
11.99,0.102459803972589
12.0,0.102442025692329
12.01,0.102424284803719
12.02,0.102406582813241
12.03,0.102388905730489
12.04,0.102371253581509
12.05,0.102353639212716
12.06,0.102336062639814
12.07,0.102318510117796
12.08,0.102300995462566
12.09,0.102283504938777
12.1,0.102266052351996
12.11,0.102248626179944
12.12,0.102231230998476
12.13,0.102213877668639
12.14,0.102196538841037
12.15,0.102179244113211
12.16,0.10216197397183
12.17,0.102144742583255
12.18,0.10212753303417
12.19,0.102110353536467
12.2,0.102093205741936
12.21,0.102076093254903
12.22,0.102059016907132
12.23,0.102041955355649
12.24,0.102024927429922
12.25,0.102007937148524
12.26,0.101990972141136
12.27,0.101974040856911
12.28,0.101957132318008
12.29,0.101940261544566
12.3,0.101923425201316
12.31,0.101906602688963
12.32,0.101889824240838
12.33,0.101873061303407
12.34,0.101856342499019
12.35,0.101839638447561
12.36,0.101822977215386
12.37,0.101806339203408
12.38,0.101789729827391
12.39,0.101773150746257
12.4,0.101756597581481
12.41,0.101740079363317
12.42,0.101723594321338
12.43,0.10170713049551
12.44,0.101690693696204
12.45,0.101674288172567
12.46,0.101657908889884
12.47,0.101641560784767
12.48,0.101625236043554
12.49,0.101608946625534
12.5,0.101592681268619
12.51,0.101576448498524
12.52,0.10156023820437
12.53,0.101544062053059
12.54,0.101527908578839
12.55,0.101511779446505
12.56,0.101495681766966
12.57,0.101479615833626
12.58,0.101463575346387
12.59,0.101447569303056
12.6,0.101431584960774
12.61,0.101415618556553
12.62,0.101399691605339
12.63,0.101383794299739
12.64,0.101367920595163
12.65,0.101352066937574
12.66,0.10133625083426
12.67,0.101320451701097
12.68,0.101304689066905
12.69,0.101288945690048
12.7,0.101273237071049
12.71,0.101257541126294
12.72,0.101241883502479
12.73,0.101226249618653
12.74,0.101210649685327
12.75,0.101195070859616
12.76,0.101179513137219
12.77,0.101163986563717
12.78,0.101148484745644
12.79,0.101133015117269
12.8,0.101117561913274
12.81,0.101102132749848
12.82,0.10108674764198
12.83,0.101071374614545
12.84,0.101056030208648
12.85,0.101040708853467
12.86,0.101025416862122
12.87,0.101010159131896
12.88,0.100994910740212
12.89,0.100979693864233
12.9,0.100964508158996
12.91,0.100949344024157
12.92,0.100934202195176
12.93,0.100919089813028
12.94,0.100903998067521
12.95,0.100888938698819
12.96,0.100873899919817
12.97,0.100858889773838
12.98,0.100843903074639
12.99,0.10082893504479
13.0,0.100814000497836
13.01,0.100799084666134
13.02,0.100784199582477
13.03,0.100769336050091
13.04,0.10075449131102
13.05,0.100739677430244
13.06,0.100724895114057
13.07,0.100710121658317
13.08,0.100695390913384
13.09,0.10068066622334
13.1,0.100665987075467
13.11,0.100651313039544
13.12,0.10063667179569
13.13,0.100622049540608
13.14,0.100607448038368
13.15,0.100592876597595
13.16,0.10057833699057
13.17,0.100563813667497
13.18,0.10054931122064
13.19,0.10053482789055
13.2,0.100520386468757
13.21,0.100505953205619
13.22,0.100491548111935
13.23,0.100477164998953
13.24,0.100462812897282
13.25,0.100448477236362
13.26,0.100434159846392
13.27,0.100419876298761
13.28,0.100405608252875
13.29,0.100391371324571
13.3,0.1003771527126
13.31,0.100362962474628
13.32,0.100348783376434
13.33,0.100334642698843
13.34,0.100320512203562
13.35,0.100306407354601
13.36,0.100292326544599
13.37,0.100278271411372
13.38,0.100264235554406
13.39,0.100250228205792
13.4,0.100236228392257
13.41,0.100222269913424
13.42,0.100208318997746
13.43,0.100194395674134
13.44,0.10018049373195
13.45,0.100166617419391
13.46,0.100152760745111
13.47,0.100138934505747
13.48,0.10012512495271
13.49,0.100111333103406
13.5,0.100097571739813
13.51,0.100083827121919
13.52,0.100070100252462
13.53,0.100056403918795
13.54,0.100042720598885
13.55,0.100029058857757
13.56,0.100015426750109
13.57,0.100001812453386
13.58,0.0999882222188811
13.59,0.099974653465732
13.6,0.0999611035819562
13.61,0.0999475796034766
13.62,0.0999340725376503
13.63,0.099920583421756
13.64,0.099907123063531
13.65,0.0998936834600993
13.66,0.0998802570574263
13.67,0.099866860463559
13.68,0.0998534798848495
13.69,0.099840126358114
13.7,0.0998267898900926
13.71,0.0998134750785267
13.72,0.0998001765200702
13.73,0.0997869049175608
13.74,0.0997736566494374
13.75,0.0997604192506548
13.76,0.0997472098611023
13.77,0.0997340276353574
13.78,0.0997208497723935
13.79,0.0997077026737844
13.8,0.099694569073306
13.81,0.0996814644505816
13.82,0.099668376131065
13.83,0.0996553050276838
13.84,0.0996422619874507
13.85,0.0996292362554829
13.86,0.0996162339049117
13.87,0.0996032425980456
13.88,0.099590277655985
13.89,0.0995773380541047
13.9,0.0995644038477114
13.91,0.0995515060220442
13.92,0.0995386163928112
13.93,0.0995257559751155
13.94,0.0995129082029123
13.95,0.0995000768121038
13.96,0.0994872765465522
13.97,0.0994744889611967
13.98,0.0994617196718825
13.99,0.099448974017346
14.0,0.0994362457517604
14.01,0.0994235358261253
14.02,0.0994108495750487
14.03,0.0993981807703811
14.04,0.0993855374570212
14.05,0.0993728998308348
14.06,0.0993602905124604
14.07,0.0993477068169782
14.08,0.0993351278551244
14.09,0.0993225772395768
14.1,0.0993100494985774
14.11,0.0992975292271442
14.12,0.0992850337503615
14.13,0.0992725566703734
14.14,0.0992601053208606
14.15,0.0992476649049766
14.16,0.0992352468179736
14.17,0.0992228397018043
14.18,0.0992104611610599
14.19,0.0991981063986515
14.2,0.0991857574379723
14.21,0.0991734369797499
14.22,0.0991611304517508
14.23,0.0991488349747616
14.24,0.0991365681430173
14.25,0.0991243188614732
14.26,0.0991120845676667
14.27,0.0990998713771432
14.28,0.0990876795525845
14.29,0.099075498987722
14.3,0.099063336011494
14.31,0.0990511961035344
14.32,0.0990390730266643
14.33,0.0990269730458598
14.34,0.0990148807094595
14.35,0.0990028233662413
14.36,0.0989907681703456
14.37,0.0989787426426241
14.38,0.0989667183448124
14.39,0.0989547298903009
14.4,0.0989427466273166
14.41,0.0989307900867954
14.42,0.0989188448351086
14.43,0.0989069274654318
14.44,0.0988950231892672
14.45,0.0988831240386064
14.46,0.0988712608059233
14.47,0.0988593999120254
14.48,0.0988475658137556
14.49,0.0988357478238393
14.5,0.0988239512080469
14.51,0.0988121705691304
14.52,0.0988004013376361
14.53,0.0987886527547931
14.54,0.098776924743253
14.55,0.0987652099642383
14.56,0.0987535130642405
14.57,0.0987418285638589
14.58,0.0987301709728566
14.59,0.098718524025853
14.6,0.0987069022078636
14.61,0.0986952846296609
14.62,0.0986836949909957
14.63,0.0986721168819785
14.64,0.0986605630694297
14.65,0.0986490206349675
14.66,0.0986374953441703
14.67,0.0986259853760651
14.68,0.0986144968252597
14.69,0.0986030144406238
14.7,0.0985915654623587
14.71,0.0985801188811566
14.72,0.0985686967276653
14.73,0.0985572879924831
14.74,0.0985458944867003
14.75,0.0985345244302848
14.76,0.0985231578336961
14.77,0.0985118247073479
14.78,0.098500496842146
14.79,0.0984891924778744
14.8,0.0984778914220484
14.81,0.0984666240693135
14.82,0.0984553582282036
14.83,0.0984441187094012
14.84,0.0984328935452842
14.85,0.0984216791091639
14.86,0.0984104900555964
14.87,0.0983993055427411
14.88,0.0983881498311604
14.89,0.0983770022991574
14.9,0.0983658655602443
14.91,0.0983547522378197
14.92,0.0983436553148314
14.93,0.0983325774369056
14.94,0.0983215057918801
14.95,0.0983104595752928
14.96,0.0982994296353359
14.97,0.0982884087443284
14.98,0.0982774005298423
14.99,0.0982664139913346
15.0,0.0982554475621887
15.01,0.0982444892254503
15.02,0.0982335508022748
15.03,0.0982226278930333
15.04,0.0982117177064387
15.05,0.0982008192717015
15.06,0.0981899435879937
15.07,0.0981790834449852
15.08,0.0981682422806876
15.09,0.0981574066852308
15.1,0.0981465936520336
15.11,0.0981357926391303
15.12,0.0981250034214449
15.13,0.0981142398084107
15.14,0.0981034787991293
15.15,0.0980927388398063
15.16,0.0980820217110435
15.17,0.0980713072192673
15.18,0.0980606165873101
15.19,0.0980499350314756
15.2,0.0980392699060746
15.21,0.0980286258989139
15.22,0.0980179973372795
15.23,0.0980073761124539
15.24,0.097996768567568
15.25,0.097986176729038
15.26,0.0979756040462248
15.27,0.0979650478460557
15.28,0.0979545007962683
15.29,0.0979439749302198
15.3,0.0979334635686674
15.31,0.0979229551728131
15.32,0.0979124777608423
15.33,0.0979020023209072
15.34,0.0978915509011887
15.35,0.097881108440631
15.36,0.0978706797768863
15.37,0.0978602641274268
15.38,0.0978498705002264
15.39,0.0978394896937622
15.4,0.0978291191248635
15.41,0.0978187613924764
15.42,0.0978084257138996
15.43,0.0977981028385261
15.44,0.0977877902899624
15.45,0.0977774898085138
15.46,0.0977672132024183
15.47,0.0977569348882639
15.48,0.0977466840120238
15.49,0.0977364489047267
15.5,0.0977262204937874
15.51,0.0977160111489474
15.52,0.0977058159801719
15.53,0.0976956281686381
15.54,0.0976854560138048
15.55,0.0976753032796874
15.56,0.0976651662251326
15.57,0.0976550368073794
15.58,0.0976449183013887
15.59,0.0976348247559469
15.6,0.0976247306725275
15.61,0.0976146595097586
15.62,0.0976046085386424
15.63,0.0975945618444708
15.64,0.0975845332990278
15.65,0.0975745077671385
15.66,0.0975645137257382
15.67,0.097554520651961
15.68,0.0975445388322824
15.69,0.0975345810342084
15.7,0.0975246307135966
15.71,0.0975146944384321
15.72,0.097504779435052
15.73,0.0974948709097614
15.74,0.0974849802609962
15.75,0.0974750970939236
15.76,0.0974652280263794
15.77,0.0974553664740116
15.78,0.0974455380145961
15.79,0.097435700864263
15.8,0.0974258840496509
15.81,0.0974160885573707
15.82,0.0974062959093856
15.83,0.0973965248811166
15.84,0.0973867604242985
15.85,0.0973770191065058
15.86,0.097367279864896
15.87,0.0973575630630892
15.88,0.0973478545579791
15.89,0.0973381557267288
15.9,0.097328471066562
15.91,0.0973188065100127
15.92,0.0973091516489944
15.93,0.0972994988923877
15.94,0.0972898748556128
15.95,0.0972802547144769
15.96,0.0972706525168213
15.97,0.0972610632353909
15.98,0.0972514843925952
15.99,0.0972419152848821
16.0,0.0972323563285477
16.01,0.097222821629648
16.02,0.0972132945831384
16.03,0.0972037763093999
16.04,0.0971942726934487
16.05,0.0971847864633573
16.06,0.097175302110653
16.07,0.097165838250652
16.08,0.0971563866797702
16.09,0.0971469528127821
16.1,0.0971375222465922
16.11,0.0971281084059224
16.12,0.097118710658166
16.13,0.0971093196374554
16.14,0.0970999381600545
16.15,0.0970905772116642
16.16,0.0970812195884986
16.17,0.097071878735129
16.18,0.097062560218259
16.19,0.0970532422629511
16.2,0.0970439352279311
16.21,0.097034646400763
16.22,0.0970253671418152
16.23,0.0970161012571314
16.24,0.0970068549616509
16.25,0.09699760547029
16.26,0.0969883783595581
16.27,0.0969791632057261
16.28,0.0969699562997088
16.29,0.0969607618004758
16.3,0.0969515731322853
16.31,0.0969424078715304
16.32,0.0969332535860638
16.33,0.0969241048027584
16.34,0.0969149684426926
16.35,0.096905851730548
16.36,0.0968967487885796
16.37,0.0968876403762099
16.38,0.0968785526272916
16.39,0.0968694886591042
16.4,0.0968604220313634
16.41,0.0968513750723989
16.42,0.0968423391240054
16.43,0.0968333115361396
16.44,0.0968242939556681
16.45,0.0968152885495261
16.46,0.0968062990367197
16.47,0.0967973223419387
16.48,0.0967883450406532
16.49,0.096779397763489
16.5,0.0967704478928332
16.51,0.0967615090628596
16.52,0.0967525886423122
16.53,0.0967436820594727
16.54,0.0967347791083386
16.55,0.0967258910013266
16.56,0.096717020339284
16.57,0.0967081497271633
16.58,0.0966992975726418
16.59,0.0966904554743111
16.6,0.0966816246366528
16.61,0.0966728100808431
16.62,0.096663999083025
16.63,0.096655201773427
16.64,0.096646418345923
16.65,0.0966376462000203
16.66,0.0966288775506152
16.67,0.0966201342826534
16.68,0.0966113957434952
16.69,0.0966026600813585
16.7,0.0965939414425562
16.71,0.0965852421217118
16.72,0.0965765439061034
16.73,0.0965678645176982
16.74,0.0965591839509013
16.75,0.0965505209453144
16.76,0.0965418680463993
16.77,0.0965332367827288
16.78,0.0965246043580923
16.79,0.0965159767275637
16.8,0.0965073720154186
16.81,0.0964987771551762
16.82,0.0964902001510871
16.83,0.0964816220273858
16.84,0.0964730517682863
16.85,0.0964645029088806
16.86,0.096455961403057
16.87,0.0964474305749051
16.88,0.0964389058374889
16.89,0.096430392776009
16.9,0.096421898614031
16.91,0.0964134133556413
16.92,0.0964049387854462
16.93,0.096396470336419
16.94,0.0963880108031311
16.95,0.0963795619701352
16.96,0.096371129260351
16.97,0.0963627082688358
16.98,0.09635428799955
16.99,0.0963458910748216
17.0,0.0963374948801932
17.01,0.0963291104095748
17.02,0.0963207420957801
17.03,0.0963123817232221
17.04,0.096304022096297
17.05,0.0962956924183079
17.06,0.0962873597030754
17.07,0.0962790331638686
17.08,0.096270727375554
17.09,0.0962624333419052
17.1,0.0962541444955991
17.11,0.0962458658524378
17.12,0.0962375967522044
17.13,0.0962293328504841
17.14,0.0962210907220451
17.15,0.096212853799482
17.16,0.0962046276575294
17.17,0.0961964107322611
17.18,0.0961882043904806
17.19,0.0961800032591084
17.2,0.0961718201322758
17.21,0.0961636450235589
17.22,0.0961554819229712
17.23,0.0961473266402862
17.24,0.0961391755958128
17.25,0.096131037565853
17.26,0.0961229191490876
17.27,0.0961148031904896
17.28,0.0961066980651424
17.29,0.0960986049626334
17.3,0.0960905159216588
17.31,0.0960824349237041
17.32,0.0960743759646958
17.33,0.0960663238621383
17.34,0.096058271001997
17.35,0.0960502322372653
17.36,0.0960422171035077
17.37,0.0960341974375432
17.38,0.0960261856616433
17.39,0.0960181931379589
17.4,0.096010206513662
17.41,0.0960022307563022
17.42,0.0959942642668878
17.43,0.0959863018901803
17.44,0.0959783505757156
17.45,0.0959704161736516
17.46,0.0959624920470037
17.47,0.0959545756323815
17.48,0.09594665391576
17.49,0.0959387637107251
17.5,0.095930869997844
17.51,0.0959229950149658
17.52,0.0959151165278089
17.53,0.095907258943048
17.54,0.0958994073110621
17.55,0.0958915649806014
17.56,0.0958837368211699
17.57,0.0958759125277922
17.58,0.0958681035710441
17.59,0.0958602906089326
17.6,0.0958524959268894
17.61,0.0958447110286552
17.62,0.0958369354338277
17.63,0.0958291641905987
17.64,0.0958214117440102
17.65,0.0958136585957519
17.66,0.0958059235984533
17.67,0.0957981936199472
17.68,0.0957904739545965
17.69,0.0957827604489058
17.7,0.095775067896291
17.71,0.0957673685886389
17.72,0.0957596876004211
17.73,0.0957520175638249
17.74,0.0957443547111339
17.75,0.0957366979104102
17.76,0.0957290504352313
17.77,0.0957214191323485
17.78,0.0957137870345368
17.79,0.0957061711145538
17.8,0.0956985522767863
17.81,0.095690960751963
17.82,0.0956833702237119
17.83,0.0956757859042025
17.84,0.0956682069955953
17.85,0.095660648081653
17.86,0.0956530873945106
17.87,0.0956455417873159
17.88,0.0956380017324591
17.89,0.0956304754734252
17.9,0.0956229626512204
17.91,0.0956154470489974
17.92,0.0956079496793579
17.93,0.0956004523254292
17.94,0.0955929684187096
17.95,0.0955854945328434
17.96,0.0955780260993071
17.97,0.0955705766817189
17.98,0.0955631245220711
17.99,0.0955556896028823
18.0,0.0955482619266598
18.01,0.0955408315058991
18.02,0.0955334201236228
18.03,0.0955260142112271
18.04,0.0955186145517108
18.05,0.0955112359480649
18.06,0.0955038526021865
18.07,0.0954964847259668
18.08,0.0954891269128994
18.09,0.0954817753748498
18.1,0.0954744311042129
18.11,0.095467094103372
18.12,0.095459764463438
18.13,0.0954524510280892
18.14,0.095445134859622
18.15,0.095437837770914
18.16,0.0954305461832175
18.17,0.0954232608793875
18.18,0.0954159846522702
18.19,0.0954087268039748
18.2,0.0954014651648946
18.21,0.0953942170383084
18.22,0.0953869679975588
18.23,0.0953797372543624
18.24,0.0953725138953795
18.25,0.095365295772826
18.26,0.0953580877350655
18.27,0.0953508932332315
18.28,0.0953436970997732
18.29,0.0953365200168341
18.3,0.0953293492369381
18.31,0.0953221819917176
18.32,0.095315014919439
18.33,0.0953078751104969
18.34,0.095300730623224
18.35,0.0952935945312904
18.36,0.0952864737025825
18.37,0.0952793574213721
18.38,0.095272244109441
18.39,0.095265143279981
18.4,0.0952580625853728
18.41,0.0952509764912182
18.42,0.0952438994702925
18.43,0.0952368350093272
18.44,0.0952297717426149
18.45,0.0952227237681663
18.46,0.0952156813986681
18.47,0.0952086461282984
18.48,0.0952016182085517
18.49,0.0951945976868983
18.5,0.0951875952737778
18.51,0.0951805884799114
18.52,0.0951735959902515
18.53,0.095166601912054
18.54,0.0951596259547715
18.55,0.0951526574005899
18.56,0.0951457013823698
18.57,0.0951387427788603
18.58,0.0951317932984717
18.59,0.0951248502343736
18.6,0.0951179235088942
18.61,0.0951110031912568
18.62,0.0951040892282318
18.63,0.0950971816745716
18.64,0.0950902804814744
18.65,0.0950833894897764
18.66,0.0950765100640084
18.67,0.0950696318511066
18.68,0.0950627662342562
18.69,0.095055909783199
18.7,0.095049060746616
18.71,0.0950422032905492
18.72,0.0950353760508924
18.73,0.0950285462068323
18.74,0.0950217179619153
18.75,0.0950149127159923
18.76,0.0950081000804254
18.77,0.0950013038430766
18.78,0.0949945150256281
18.79,0.0949877344148377
18.8,0.0949809564101686
18.81,0.0949741858273241
18.82,0.0949674244562873
18.83,0.0949606756897243
18.84,0.0949539361573894
18.85,0.0949471940413984
18.86,0.0949404673434254
18.87,0.0949337450714626
18.88,0.0949270284350487
18.89,0.0949203200121686
18.9,0.0949136280239274
18.91,0.0949069332530767
18.92,0.0949002531300698
18.93,0.0948935694365823
18.94,0.0948869049647649
18.95,0.0948802431451424
18.96,0.0948735867657076
18.97,0.0948669396079233
18.98,0.0948603061070973
18.99,0.0948536718458801
19.0,0.0948470430152968
19.01,0.0948404296479996
19.02,0.0948338227143909
19.03,0.0948272122360637
19.04,0.0948206154140133
19.05,0.0948140396313826
19.06,0.0948074565080737
19.07,0.0948008798361382
19.08,0.0947943224176194
19.09,0.094787757662935
19.1,0.0947812073845309
19.11,0.0947746573346219
19.12,0.0947681209629927
19.13,0.0947615928521877
19.14,0.094755070203128
19.15,0.0947485612267281
19.16,0.0947420505155108
19.17,0.0947355462703762
19.18,0.0947290574927546
19.19,0.0947225741840702
19.2,0.0947160863657396
19.21,0.0947096150091735
19.22,0.0947031529163138
19.23,0.0946966935274772
19.24,0.0946902496045914
19.25,0.0946838039595773
19.26,0.0946773620027323
19.27,0.0946709383265014
19.28,0.0946645173311677
19.29,0.0946580946291632
19.3,0.094651685610758
19.31,0.0946452876689088
19.32,0.0946389006427938
19.33,0.0946325118417032
19.34,0.094626128582733
19.35,0.0946197536150754
19.36,0.0946133885484201
19.37,0.0946070345762234
19.38,0.0946006842981625
19.39,0.0945943285260618
19.4,0.0945879892512031
19.41,0.0945816592138583
19.42,0.094575343736857
19.43,0.0945690209703612
19.44,0.0945627147161654
19.45,0.0945564057560545
19.46,0.0945501133007328
19.47,0.0945438273040421
19.48,0.094537534871025
19.49,0.0945312589464846
19.5,0.0945249885416363
19.51,0.0945187336476898
19.52,0.0945124752036208
19.53,0.0945062213441195
19.54,0.0944999829991133
19.55,0.0944937501697871
19.56,0.0944875138012502
19.57,0.0944812948063962
19.58,0.0944750813307414
19.59,0.0944688695949062
19.6,0.0944626681012372
19.61,0.0944564684086279
19.62,0.0944502870403633
19.63,0.0944440984065017
19.64,0.0944379280255684
19.65,0.0944317532345696
19.66,0.0944255929818864
19.67,0.0944194391921192
19.68,0.0944132910084606
19.69,0.0944071473564388
19.7,0.0944010091578183
19.71,0.0943948865814146
19.72,0.0943887632492548
19.73,0.0943826507428075
19.74,0.0943765365739567
19.75,0.0943704370686932
19.76,0.09436434298622
19.77,0.094358252643449
19.78,0.0943521687751854
19.79,0.0943460913156498
19.8,0.094340020320856
19.81,0.094333952958174
19.82,0.0943279030504522
19.83,0.0943218467887376
19.84,0.094315806074494
19.85,0.0943097690349652
19.86,0.0943037284177731
19.87,0.094297704266011
19.88,0.0942916875604129
19.89,0.0942856745098661
19.9,0.0942796751187427
19.91,0.0942736739738919
19.92,0.0942676757016996
19.93,0.0942616928853691
19.94,0.09425571751652
19.95,0.0942497348231061
19.96,0.0942437695808926
19.97,0.0942378107947513
19.98,0.0942318528924239
19.99,0.0942259042367892
20.0,0.094219969249174
20.01,0.0942140317177796
